Workbook

Sheet 요약
B1: 하카타 항로 손익분석 — 근거 요약
B2: 대저페리 감사보고서(제3기·2024) 손익계산서를 원본 그대로 싣고, 1인당 인건비·지급수수료·목표 영업이익률 분석을 얹는다. 대조 선박은 산타모니카호를 하카타 항로에 투입한다는 가정.
B4: 지표 | C4: 참조 · 실적 2024 (대저페리 3기) | D4: 대조 선박 (하카타 투입 가정) | E4: 산식 · 근거 시트
B5: 영업손익 (원) | C5: =원가구조_기준!$C$13 -> -2079522109 | D5: =대조선박_손익!$C$87 -> 5.2085192e+09 | E5: 참조: 손익계산서_원본 Ⅴ · 대조: 대조선박_손익 Ⅴ
B6: 영업이익률 | C6: =원가구조_기준!$C$13/원가구조_기준!$C$7 -> -0.15817935 | D6: =대조선박_손익!$C$97 -> 0.22645462
B7: EBITDA (원) | C7: =원가구조_기준!$C$15 -> 1269709891 | D7: =대조선박_손익!$C$88 -> 5.2085192e+09 | E7: 영업이익 + 감가상각비
B8: EBITDA 마진 | C8: =원가구조_기준!$C$15/원가구조_기준!$C$7 -> 0.096580789 | D8: =대조선박_손익!$C$88/대조선박_손익!$C$48 -> 0.22645462
B9: 1인당 인건비 — 현금 (원/년) | C9: =인건비_부가가치!$C$29 -> 65681069 | D9: =인건비_부가가치!$D$29 -> 69835421 | E9: 인건비_부가가치 3 · 대조는 지상직+해상직 전사 기준
B10: + 퇴직 (비현금) 1인당 | C10: =인건비_부가가치!$C$31 -> 5080673.1 | D10: =인건비_부가가치!$D$31 -> 6013443.9
B11: 합계 1인당 | C11: =인건비_부가가치!$C$32 -> 70761742 | D11: =인건비_부가가치!$D$32 -> 75848865
B12: 손익분기 승객수 (명) | C12: =목표이익률_지표!$C$35 -> 168466.82 | D12: =목표이익률_지표!$C$81 -> 136993.92 | E12: 목표이익률_지표 0% 행
B13: 비교 기준 승객수 | C13: =원가구조_기준!$C$45 -> 144058.09 | D13: =대조선박_손익!$C$25 -> 181800 | E13: 참조: 실적 역산 · 대조: 승선율 기반 현재 설정
B14: 차이 | C14: =IFERROR(C12-C13,"") -> 24408.734 | D14: =IFERROR(D12-D13,"") -> -44806.078
B15: 손익분기 승선율 | C15: =IFERROR(목표이익률_지표!$C$35/(원가구조_기준!$C$47*설정값!$D$11),"") -> 0.34874927 | D15: =IFERROR(목표이익률_지표!$C$81/(대조선박_손익!$C$7*설정값!$D$43),"") -> 0.37677096 | E15: 승객수 ÷ (정원 × 항차)
B16: 목표 달성 승객수 (명) | C16: =목표이익률_지표!$C$41 -> 200443.98 | D16: =목표이익률_지표!$C$87 -> 163901.25 | E16: 목표이익률_지표 설정 목표 행
B17: 목표 영업이익률 | C17: =설정값!$D$19 -> 0.15 | D17: =설정값!$D$44 -> 0.15 | E17: 설정값
B18: 항차당 승객 | C18: =IFERROR(목표이익률_지표!$C$41/설정값!$D$11,"") -> 402.49795 | D18: =IFERROR(목표이익률_지표!$C$87/설정값!$D$43,"") -> 273.16875
B19: 목표 승선율 | C19: =IFERROR(목표이익률_지표!$C$41/(원가구조_기준!$C$47*설정값!$D$11),"") -> 0.41494634 | D19: =IFERROR(목표이익률_지표!$C$87/(대조선박_손익!$C$7*설정값!$D$43),"") -> 0.45077351
B20: 가동율 (편도항차 ÷ 730) | C20: =설정값!$D$11/설정값!$D$91 -> 0.68219178 | D20: =설정값!$D$43/설정값!$D$91 -> 0.82191781
B21: 연간 편도 항차 | C21: =설정값!$D$11 -> 498 | D21: =설정값!$D$43 -> 600
B22: 실현 단가 (원/인) | C22: =원가구조_기준!$C$44 -> 88950 | D22: =대조선박_손익!$C$23 -> 120000 | E22: 가중평균 운임 + 유류할증료
B23: 매출액 (원) | C23: =원가구조_기준!$C$7 -> 13146609166 | D23: =대조선박_손익!$C$48 -> 23000277600
B24: 부채상환커버리지비율 DSCR (CFADS ÷ 거치 후 원리금) | C24: - | D24: =대조선박_손익!$C$104 -> 1.6231147 | E24: 대조선박_손익 6 — 분자 CFADS = EBITDA − 법인세 − 우발수리유보금 − 선박대체유보금
B25: 10개년 평균 영업이익 (백만원) | C25: - | D25: ='10개년_예상'!$O$48 -> 6061.6083 | E25: 선체이자 운항원가 반영 기준
B26: 대조 선박 분석 상태 | C26: - | D26: =대조선박_손익!$C$8 -> 분석 가능
B27: 검산 결과 | C27: =검산!$F$32 -> 24 / 26 OK | E27: 검산 시트 — 주석 7 퇴직급여충당부채 전입액은 보고서 자체 차이 1,193원 (도 ⚠ 표시)
B29: 시트 안내
B30: 설정값 | C30: 모든 가정·입력 (주황 칸) + 10개년 성장률 + 고정 상수
B31: 손익계산서_원본 | C31: 대저페리 제3기 감사보고서 손익계산서 (당기·전기) + 주석 15 운항원가 세부 + EBITDA 조정
B32: 주석_보조자료 | C32: 주석 15 부가가치 관련자료(천원) · 주석 7 · 현금흐름표 · 부가세예수금
B33: 원가구조_기준 | C33: 감사보고서 파생값 · 1인당 인건비 · 실현 단가/역산 승객수 · 운항기타 세목 · 고정/준변동/변동 분해
B34: 대조선박_손익 | C34: 대조 선박 스케일 규칙 · 운항기타 산출 근거 · 단일연도 손익계산서 · 수지 · DSCR
B35: 차입금_상환 | C35: 차입 조건 · 첫해 원리금 · 40년 상환 스케줄 (선체이자 근거)
B36: 10개년_예상 | C36: 대조 선박 10개년 예상 손익 (백만원) — 성장률 × 복리, 선체이자는 스케줄
B37: 목표이익률_지표 | C37: 손익분기·목표 승객수, 필요 운임, 원가 비중 — 참조·대조 (항차 자동증가 반복계산 포함)
B38: CVP_손익분기 | C38: 승객수별 매출·총비용 표와 차트
B39: 인건비_부가가치 | C39: 1인당 분해 · 지상/해상 분리 · 부가가치 · 부가세 역산 가능성 · 지급수수료
B40: 운임_화물_선박 | C40: 대저페리 운임표 · 좌석 배율 · 선박 제원 · 차량 운임표 · 적재 케이스
B41: 검산 | C41: 보고서 기재값 대조 · 계산 경로 일치 검증
B42: 출처_한계 | C42: 자료 출처 · 분석의 한계 · 용어

Sheet 설정값
B1: 설정값 — 모든 가정·입력을 한 곳에
B2: 주황 바탕 칸만 바꾸면 모든 시트가 따라 움직인다. 기본값 = 화면의 기본값(감사보고서 기준안).
B4: 범례 | C4: 입력 (바꿔도 되는 칸) | D4: 고정 상수 | E4: 계산 | F4: O/X · 성격 · 상환방식 · 선박 · 케이스 칸은 드롭다운
B6: A. 기준 자료 — 참조 선박 (대저페리 제3기 · 2024 · 엘도라도 익스프레스호)
B7: 그룹 | C7: 항목 | D7: 값 | E7: 단위 | F7: 근거 · 비고
B8: 인력 | C8: 지상직 (판관비) | D8: 30 | E8: 명 | F8: 판관비 급여영역(직원급여·퇴직급여·복리후생비)을 나누는 인원
C9: 선원 | D9: 13 | E9: 명 | F9: 가정 — 보고서에 인원 없음. 운항원가 인건비 1인당 산출에만 사용
C10: 승무원 | D10: 7 | E10: 명 | F10: 가정 — 보고서에 인원 없음
C11: 연간 편도 항차수 | D11: 498 | E11: 항차 | F11: 울릉크루즈 보도자료 연간 운항 실적 https://www.ulcruise.co.kr/www/aboutus/press?mode=view&idx=5807
B12: 운임 | C12: 이코노미 대인 운임 (기준) | D12: 81000 | E12: 원 | F12: 대저페리 공시 운임표 대인 이코노미 정상
C13: 유류할증료 | D13: 7950 | E13: 원/인 | F13: 미공시 — 가정. 회계상 여객수입에 포함되므로 실현 단가에 더한다
C14: 좌석 구성비 — 이코노미 | D14: 1 | E14: % | F14: 보고서에 없어 입력값. 합이 100%가 아니면 정규화
C15: 좌석 구성비 — 비즈니스 | D15: 0 | E15: % | F15: 배율 1.5 (공시 운임)
C16: 좌석 구성비 — 퍼스트 | D16: 0 | E16: % | F16: 배율 2.1173 (공시 운임)
B17: 원가 | C17: 승객 1인당 추가 변동비 | D17: 0 | E17: 원/인 | F17: 원가 구성표에 없는 몫을 손으로 얹는 칸
C18: 승객이 정원을 넘으면 항차를 늘린다 | D18: X | E18: O/X | F18: 준변동비는 승객이 아니라 항차에 붙는다. O면 필요 항차 = MAX(설정 항차, ⌈승객수÷정원⌉)
B19: 목표 | C19: 목표 영업이익률 | D19: 0.15 | E19: % | F19: 참조(감사보고서 구조) 탭의 목표
B20: 승객 | C20: 시뮬레이션 연간 승객수 | E20: 명 | F20: 비워 두면 실적 역산값 144,058명 (여객수입 ÷ 실현단가 88,950원 = 이코노미 81,000 + 유류할증 7,950). 화면도 같은 식으로 열린다.
B21: A-2. 운항기타 세목 비율 (가정) — 감사보고서 잔액 7,148,774,749원을 나누는 비율
B22: 그룹 | C22: 세목 | D22: 비율 | E22: 단위 | F22: 기본 비율의 근거
B23: 운항비 | C23: 연료비 | D23: 0.8345 | E23: % | F23: 820$/MT · 편도 217km × 49.5kg/km · 500항차 역산 → 5,989,460,400원 · 항차에 붙는다
B24: 운항비 | C24: 항비 | D24: 0.1115 | E24: % | F24: 입출항료·접안료·도선료·터미널 — 나머지 넷을 뺀 잔액
B25: 선비 | C25: 보험료 | D25: 0.0513 | E25: % | F25: 주석 4 선박보험 부보액 73,378,500천원 × 0.5% (통상 요율) · P&I 별도
B26: 선비 | C26: 수리비 | D26: 0 | E26: % | F26: 단일연도는 0 — 선령이 낮아 보증기간·보험금 청구로 처리(판관비 수선비도 당기 0원). 10개년에는 아래 E 섹션의 10년 수리비(첫해 700백만 · 연 5%)가 따로 들어간다.
B27: 선비 | C27: 선용품비 | D27: 0.0027 | E27: % | F27: 윤활유·소모품 — 저장품 감소분 53,922,777 → 34,438,118 (19,484,659원)
B28: A-3. 원가 항목의 포함 여부 · 성격 (고정 · 준변동 · 변동)
B29: 손익계산서 소속 | C29: 원가 항목 | D29: 계산에 포함 | E29: 성격 | F29: 비고
B30: 운항원가 | C30: 운항 인건비 (급여·퇴직·복리) | D30: O | E30: 고정 | F30: 선원+승무원 · 승객수 무관
B31: 운항원가 | C31: 운항 감가상각비 | D31: O | E31: 고정 | F31: 선가 ÷ 내용연수 정액 · 비현금 · 포함을 X로 두면 EBITDA 기준
B32: 운항원가 | C32: 운항 세금과공과·임차료 | D32: O | E32: 고정
B33: 운항원가 | C33: 운항기타 (항비·연료비·잡비) | D33: O | E33: 준변동 | F33: 운항원가의 58% · 항차 연동
B34: 판매비와관리비 | C34: 판관 급여영역 | D34: O | E34: 고정 | F34: 직원 수 연동 · 승객수 무관
B35: 판매비와관리비 | C35: 판관 그 밖 13과목 | D35: O | E35: 고정
B36: 판매비와관리비 | C36: 지급수수료 | D36: O | E36: 변동 | F36: 예약·결제 수수료 · 승객 연동
B37: B. 대조 선박 설정 — 하카타 항로 투입 시나리오
B38: 그룹 | C38: 항목 | D38: 값 | E38: 단위 | F38: 근거 · 비고
B39: 선박 | C39: 대조 선박 | D39: 산타모니카호 | F39: 목록: 산타모니카호 · 퀸비틀(보류) · 코리아프라이드호(보류). 정원은 운임_화물_선박 시트에서 찾는다
B40: 인력 | C40: 지상직 (판관비) | D40: 30 | E40: 명 | F40: 판관 급여 3과목 = 감사보고서 × (지상직 ÷ 30명)
C41: 선원 | D41: 13 | E41: 명 | F41: 가정 — 운항 인건비 = 감사보고서 × (대조 해상직 ÷ 참조 해상직)
C42: 승무원 | D42: 7 | E42: 명 | F42: 가정
C43: 연간 편도 항차수 | D43: 600 | E43: 항차 | F43: 가정 — 운항기타 = 감사보고서 세목 × (대조 항차 ÷ 참조 항차)
B44: 목표 | C44: 목표 영업이익률 | D44: 0.15 | E44: % | F44: 대조(새 배를 20년 굴려 다시 살 수 있는가) 탭의 목표
B45: 연료 | C45: 연료 단가 — 2024 기준 | D45: 820 | E45: $/MT | F45: 2024 평균 (가정) — 감사보고서 실적을 설명하는 값
C46: 연료 단가 — 현재 | D46: 1325 | E46: $/MT | F46: 수동 입력 기본값. "실제 시가" 모드로 두면 fuel_price.json 의 부산항 LSMGO 를 그대로 쓴다 (2026-10-05: 1,390$/MT · 1,343.98원/$). https://www.bunkerindex.com/prices/port.php?p=109&n=busan-republic-of-korea
C47: 환율 — 2024 기준 | D47: 1360 | E47: 원/$ | F47: 가정
C48: 환율 — 현재 | D48: 1346.24 | E48: 원/$ | F48: fuel_price.json · 2026-09-14
C49: 연료비에 현재 증가율 반영 | D49: O | E49: O/X | F49: 연료비 세목에만 적용 (항비·보험료·수리비 제외). 배율 = (현재 $/MT × 환율) ÷ (기준 $/MT × 환율)
B50: 감가상각 | C50: 선가 | D50: 50000 | E50: 백만원 | F50: 비우거나 0이면 감사보고서 감가상각비(3,349백만) 사용
C51: 내용연수 | D51: 15 | E51: 년 | F51: 정액법 — 선박 대체 유보금 적립 기간(E 섹션)도 이 햇수를 쓴다
C52: 잔존가치 | D52: 1 | E52: 백만원 | F52: 단위를 백만원 또는 선가 대비 %로 고를 수 있다. 화면 기본값은 1백만원
B53: 차입금 | C53: 차입금 | D53: 20000 | E53: 백만원 | F53: 비우거나 0이면 이자 미적용
C54: 이자율 | D54: 0.035 | E54: %
C55: 상환기간 | D55: 15 | E55: 년
C56: 거치기간 | D56: 3 | E56: 년 | F56: 거치 중에는 이자만
C57: 상환방식 | D57: 원금균등 | F57: 원리금균등 — 매년 같은 금액 · 원금균등 — 원금 일정, 이자 체감 · 만기일시 — 기간 중 이자만. 화면 기본값은 원금균등
B58: 승객 | C58: 항차당 승선율 (정원 대비) | D58: 0.5 | E58: % | F58: 수요는 승선율에서 내려온다: 승선율 → 항차당 인원 → 연간 승객수
C59: 인원수로 직접 입력 | D59: X | E59: O/X | F59: O면 아래 연간 승객수가 주인이 되고 승선율이 결과가 된다
C60: 연간 승객수 (직접 입력 시) | E60: 명 | F60: "인원수로 직접 입력" = O 일 때만 사용
B61: 운임 | C61: 이코노미 대인 편도운임 (기준) | D61: 90000 | E61: 원 | F61: 가정
C62: 유류할증료 | D62: 30000 | E62: 원/인 | F62: 가정
C63: 좌석 구성비 — 이코노미 | D63: 1 | E63: % | F63: 배율은 대저페리 운임표와 같다
C64: 좌석 구성비 — 비즈니스 | D64: 0 | E64: %
C65: 좌석 구성비 — 퍼스트 | D65: 0 | E65: %
B66: 화물 | C66: 화물 선적율 | D66: 0.3 | E66: % | F66: 적재 가능량 대비 실제 싣는 비율
C67: 산타모니카 적재 케이스 | D67: 4 | E67: Case | F67: 1~5 (운임_화물_선박 시트 4번 표). 기본 Case 4 = 1톤트럭 38 · 소형 4 · 캐러밴 20 ★최대
B68: C. 10개년 성장률 가정 (연 %) — 10개년_예상 시트
B69: 그룹 | C69: 계정 | D69: 성장률 | E69: 단위 | F69: 비고
B70: 매출 | C70: 여객수입 | D70: 0.027 | E70: %/년
C71: 화물수입 | D71: 0.018 | E71: %/년
C72: 임대료수입 | D72: 0 | E72: %/년
B73: 운항원가 · 인건비 (해상직원) | C73: 급여 | D73: 0.0271 | E73: %/년
C74: 퇴직급여 | D74: 0.0271 | E74: %/년
C75: 복리후생비 | D75: 0.024 | E75: %/년
B76: 운항원가 · 운항 | C76: 감가상각비 | D76: 0 | E76: %/년 | F76: 선체이자는 성장률이 아니라 상환 스케줄을 따른다
C77: 세금과공과 | D77: 0.0292 | E77: %/년
C78: 임차료 | D78: 0 | E78: %/년
B79: 운항원가 · 운항기타 세목 | C79: 연료비 | D79: -0.0089 | E79: %/년
C80: 항비 | D80: 0.0785 | E80: %/년
C81: 보험료 | D81: 0.0382 | E81: %/년
C82: 수리비 | D82: 0.05 | E82: %/년 | F82: 10개년 수리비에만 걸린다 — 단일연도는 0 (위 A-2 수리비 비율 0%)
C83: 선용품비 | D83: 0.15 | E83: %/년
B84: 판매관리비 | C84: 인건비 (직원급여·퇴직·복리) | D84: 0.0568 | E84: %/년
C85: 세금과공과 | D85: 0.0292 | E85: %/년
C86: 지급수수료 | D86: 0.0234 | E86: %/년
C87: 그 외 (세금과공과·지급수수료 제외) | D87: 0.027 | E87: %/년
B88: D. 고정 상수 ( 코드 안의 상수)
B89: 그룹 | C89: 항목 | D89: 값 | E89: 단위 | F89: 비고
B90: 인력 | C90: 판관 급여영역 기준 인원 | D90: 30 | E90: 명 | F90: 감사보고서 판관 급여영역 1인당(PER_HEAD) 산정 분모 — 고정
B91: 가동율 | C91: 가동율 분모 (365일 × 2) | D91: 730 | E91: 편도/년 | F91: 가동율 = 연간 편도 항차 ÷ 730
B92: 연료 역산 참고 | C92: 편도 거리 (포항↔울릉) | D92: 217 | E92: km | F92: 연료비 역산 참고값 — 부산↔하카타 213km와 4km 차이
C93: 연료 소모율 | D93: 49.5 | E93: kg/km | F93: 연료비 역산 참고값
C94: 연료 비중 | D94: 0.86 | E94: kg/L | F94: 참고값
C95: 목표 계단 | D95: 0% · 3% · 5% · 8% · 10% · 15% | F95: 목표이익률_지표 시트의 계단 ( 고정 목록) + 설정 목표
B97: E. 추가 설정 — 화면에 있으나 이 파일에 없던 값
B98: 그룹 | C98: 항목 | D98: 값 | E98: 단위 | F98: 근거 · 비고
B99: 대조 · 매출 | C99: 대리점비 (매출 대비) | D99: 0.15 | E99: % | F99: 일본 현지 대리점 — 매출액 × 비율. 운항원가에 들어간다
B100: 대조 · 화물 | C100: 운항거리 배수 | D100: 2.51 | E100: 배 | F100: 시월드 운임표는 진도–제주 ≈85km 기준 · 부산–하카타 213km → 2.51배
B101: 세무 | C101: 톤세 적용 | D101: O | E101: O/X | F101: 조세특례제한법 §104-10 외항 해운기업 과세특례. X면 통상 법인세(누진)
B102: 세무 | C102: 순톤수 (NT) | D102: 1200 | E102: 톤 | F102: ITC 1969 상 NT ≥ 0.30·GT — GT 3,300톤이면 하한 990톤. 1,200톤 = 0.36·GT (확정값은 국제톤수증서 필요)
B103: 세무 | C103: 연간 운항일수 | D103: 300 | E103: 일 | F103: 톤세 의제이익 = 순톤수 구간요율 × 운항일수
...

Sheet 손익계산서_원본
B1: 손익계산서 — 주식회사 대저페리 제3기 (2024.01.01 ~ 2024.12.31) 감사보고서 원본
B2: (단위: 원) · 제2기(2023)는 감사받지 아니한 수치 · [주석15]/[차액]/[가정치]/[보완] 행은 보고서 손익계산서 지면에는 없는 행
B4: 구분 | C4: 과 목 | D4: 제3(당)기 2024 | E4: 구성비 | F4: 매출 대비 | G4: 제2(전)기 2023 | H4: 구성비 | I4: 매출 대비 | J4: 증감 | K4: 비고 · 출처
B5: 항목 | C5: Ⅰ.매출액 | D5: =SUM(D6:D9) -> 13146609166 | F5: =IF(D5="","",D5/D$5) -> 1 | G5: =SUM(G6:G9) -> 5596485400 | I5: =IF(G5="","",G5/G$5) -> 1 | J5: =IF(OR(D5="",G5=""),"",D5-G5) -> 7550123766 | K5: 보고서 13,146,609,166
B6: 세부 | C6: 여객수입 | D6: 12813966995 | E6: =IF(OR(D6="",D5=0),"",D6/D5) -> 0.97469749 | F6: =IF(D6="","",D6/D$5) -> 0.97469749 | G6: 5527657183 | H6: =IF(OR(G6="",G5=0),"",G6/G5) -> 0.98770153 | I6: =IF(G6="","",G6/G$5) -> 0.98770153 | J6: =IF(OR(D6="",G6=""),"",D6-G6) -> 7286309812
B7: 세부 | C7: 화물수입 | D7: 323042171 | E7: =IF(OR(D7="",D5=0),"",D7/D5) -> 0.024572281 | F7: =IF(D7="","",D7/D$5) -> 0.024572281 | G7: 52186526 | H7: =IF(OR(G7="",G5=0),"",G7/G5) -> 0.0093248749 | I7: =IF(G7="","",G7/G$5) -> 0.0093248749 | J7: =IF(OR(D7="",G7=""),"",D7-G7) -> 270855645
B8: 세부 | C8: 임대료수입 | D8: 9600000 | E8: =IF(OR(D8="",D5=0),"",D8/D5) -> 0.00073022632 | F8: =IF(D8="","",D8/D$5) -> 0.00073022632 | G8: 5732600 | H8: =IF(OR(G8="",G5=0),"",G8/G5) -> 0.0010243214 | I8: =IF(G8="","",G8/G$5) -> 0.0010243214 | J8: =IF(OR(D8="",G8=""),"",D8-G8) -> 3867400
B9: 세부 | C9: 기타수입 | E9: =IF(OR(D9="",D5=0),"",D9/D5) | F9: =IF(D9="","",D9/D$5) | G9: 10909091 | H9: =IF(OR(G9="",G5=0),"",G9/G5) -> 0.0019492753 | I9: =IF(G9="","",G9/G$5) -> 0.0019492753 | J9: =IF(OR(D9="",G9=""),"",D9-G9)
B10: 항목 | C10: Ⅱ.매출원가 | D10: =D11 -> 12246808749 | F10: =IF(D10="","",D10/D$5) -> 0.93155646 | G10: =G11 -> 6725627421 | I10: =IF(G10="","",G10/G$5) -> 1.2017591 | J10: =IF(OR(D10="",G10=""),"",D10-G10) -> 5521181328 | K10: 보고서 12,246,808,749
B11: 세부 | C11: 운항원가 | D11: 12246808749 | E11: =IF(OR(D11="",D10=0),"",D11/D10) -> 1 | F11: =IF(D11="","",D11/D$5) -> 0.93155646 | G11: 6725627421 | H11: =IF(OR(G11="",G10=0),"",G11/G10) -> 1 | I11: =IF(G11="","",G11/G$5) -> 1.2017591 | J11: =IF(OR(D11="",G11=""),"",D11-G11) -> 5521181328
B12: 주석15 | C12: 급여 | D12: =주석_보조자료!$D$6*1000 -> 1253988000 | E12: =IF(OR(D12="",D10=0),"",D12/D10) -> 0.10239304 | F12: =IF(D12="","",D12/D$5) -> 0.0953849 | G12: =IF(주석_보조자료!$G$6=0,"",주석_보조자료!$G$6*1000) -> 598243000 | H12: =IF(OR(G12="",G10=0),"",G12/G10) -> 0.088949768 | I12: =IF(G12="","",G12/G$5) -> 0.1068962 | J12: =IF(OR(D12="",G12=""),"",D12-G12) -> 655745000 | K12: [주석15] 운항원가 열 × 1,000
B13: 주석15 | C13: 퇴직급여 | D13: =주석_보조자료!$D$7*1000 -> 148252000 | E13: =IF(OR(D13="",D10=0),"",D13/D10) -> 0.012105358 | F13: =IF(D13="","",D13/D$5) -> 0.011276824 | G13: =IF(주석_보조자료!$G$7=0,"",주석_보조자료!$G$7*1000) -> 21645000 | H13: =IF(OR(G13="",G10=0),"",G13/G10) -> 0.0032182871 | I13: =IF(G13="","",G13/G$5) -> 0.0038676059 | J13: =IF(OR(D13="",G13=""),"",D13-G13) -> 126607000 | K13: [주석15]
B14: 주석15 | C14: 복리후생비 | D14: =주석_보조자료!$D$8*1000 -> 267351000 | E14: =IF(OR(D14="",D10=0),"",D14/D10) -> 0.021830258 | F14: =IF(D14="","",D14/D$5) -> 0.020336118 | G14: =IF(주석_보조자료!$G$8=0,"",주석_보조자료!$G$8*1000) -> 122501000 | H14: =IF(OR(G14="",G10=0),"",G14/G10) -> 0.018214063 | I14: =IF(G14="","",G14/G$5) -> 0.021888916 | J14: =IF(OR(D14="",G14=""),"",D14-G14) -> 144850000 | K14: [주석15]
B15: 주석15 | C15: 감가상각비 | D15: =주석_보조자료!$D$10*1000 -> 3349232000 | E15: =IF(OR(D15="",D10=0),"",D15/D10) -> 0.27347794 | F15: =IF(D15="","",D15/D$5) -> 0.25476014 | G15: =IF(주석_보조자료!$G$10=0,"",주석_보조자료!$G$10*1000) -> 1665933000 | H15: =IF(OR(G15="",G10=0),"",G15/G10) -> 0.24769927 | I15: =IF(G15="","",G15/G$5) -> 0.29767486 | J15: =IF(OR(D15="",G15=""),"",D15-G15) -> 1683299000 | K15: [주석15] 선가 670억 · 20년 정액
B16: 주석15 | C16: 세금과공과 | D16: =주석_보조자료!$D$11*1000 -> 48282000 | E16: =IF(OR(D16="",D10=0),"",D16/D10) -> 0.0039424148 | F16: =IF(D16="","",D16/D$5) -> 0.003672582 | G16: =IF(주석_보조자료!$G$11=0,"",주석_보조자료!$G$11*1000) -> 67295000 | H16: =IF(OR(G16="",G10=0),"",G16/G10) -> 0.010005758 | I16: =IF(G16="","",G16/G$5) -> 0.012024511 | J16: =IF(OR(D16="",G16=""),"",D16-G16) -> -19013000 | K16: [주석15]
B17: 주석15 | C17: 임차료 | D17: =주석_보조자료!$D$12*1000 -> 30929000 | E17: =IF(OR(D17="",D10=0),"",D17/D10) -> 0.0025254742 | F17: =IF(D17="","",D17/D$5) -> 0.0023526219 | G17: =IF(주석_보조자료!$G$12=0,"",주석_보조자료!$G$12*1000) | H17: =IF(OR(G17="",G10=0),"",G17/G10) | I17: =IF(G17="","",G17/G$5) | J17: =IF(OR(D17="",G17=""),"",D17-G17) | K17: [주석15] 전기 "-"
B18: 주석15 | C18: 운항기타(항비,연료비,기타 잡비) | D18: =D11-SUM(D12:D17) -> 7148774749 | E18: =IF(OR(D18="",D10=0),"",D18/D10) -> 0.58372552 | F18: =IF(D18="","",D18/D$5) -> 0.54377328 | G18: =G11-SUM(G12:G17) -> 4250010421 | H18: =IF(OR(G18="",G10=0),"",G18/G10) -> 0.63191285 | I18: =IF(G18="","",G18/G$5) -> 0.75940704 | J18: =IF(OR(D18="",G18=""),"",D18-G18) -> 2898764328 | K18: [차액] 운항원가 − 위 6줄 (반올림 흡수)
B19: 가정치 | C19: · 연료비 | D19: =IFERROR(D18*설정값!$D$23/(설정값!$D$23+설정값!$D$24+설정값!$D$25+설정값!$D$26+설정값!$D$27),0) -> 5.9656525e+09 | E19: =IF(OR(D19="",D10=0),"",D19/D10) -> 0.48711894 | F19: =IF(D19="","",D19/D$5) -> 0.4537788 | K19: [가정치] 운항기타 × 세목 비율 (설정값 A-2)
B20: 가정치 | C20: · 항비 | D20: =IFERROR(D18*설정값!$D$24/(설정값!$D$23+설정값!$D$24+설정값!$D$25+설정값!$D$26+설정값!$D$27),0) -> 7.9708838e+08 | E20: =IF(OR(D20="",D10=0),"",D20/D10) -> 0.065085395 | F20: =IF(D20="","",D20/D$5) -> 0.06063072 | K20: [가정치]
B21: 가정치 | C21: · 보험료 | D21: =IFERROR(D18*설정값!$D$25/(설정값!$D$23+설정값!$D$24+설정값!$D$25+설정값!$D$26+설정값!$D$27),0) -> 3.6673214e+08 | E21: =IF(OR(D21="",D10=0),"",D21/D10) -> 0.029945119 | F21: =IF(D21="","",D21/D$5) -> 0.027895569 | K21: [가정치]
B22: 가정치 | C22: · 수리비 | D22: =IFERROR(D18*설정값!$D$26/(설정값!$D$23+설정값!$D$24+설정값!$D$25+설정값!$D$26+설정값!$D$27),0) -> 0 | E22: =IF(OR(D22="",D10=0),"",D22/D10) -> 0 | F22: =IF(D22="","",D22/D$5) -> 0 | K22: [가정치]
B23: 가정치 | C23: · 선용품비 | D23: =IFERROR(D18*설정값!$D$27/(설정값!$D$23+설정값!$D$24+설정값!$D$25+설정값!$D$26+설정값!$D$27),0) -> 19301692 | E23: =IF(OR(D23="",D10=0),"",D23/D10) -> 0.0015760589 | F23: =IF(D23="","",D23/D$5) -> 0.0014681878 | K23: [가정치]
B24: 소계 | C24: Ⅲ.매출총이익(손실) | D24: =D5-D10 -> 899800417 | F24: =IF(D24="","",D24/D$5) -> 0.068443536 | G24: =G5-G10 -> -1129142021 | I24: =IF(G24="","",G24/G$5) -> -0.20175913 | J24: =IF(OR(D24="",G24=""),"",D24-G24) -> 2028942438 | K24: 보고서 899,800,417
B25: 항목 | C25: Ⅳ.판매비와관리비(주15) | D25: =SUM(D26:D44) -> 2979322526 | F25: =IF(D25="","",D25/D$5) -> 0.22662289 | G25: =SUM(G26:G44) -> 2319581793 | I25: =IF(G25="","",G25/G$5) -> 0.41447116 | J25: =IF(OR(D25="",G25=""),"",D25-G25) -> 659740733 | K25: 보고서 2,979,322,526
B26: 세부 | C26: 직원급여 | D26: 1822878650 | E26: =IF(OR(D26="",D25=0),"",D26/D25) -> 0.61184334 | F26: =IF(D26="","",D26/D$5) -> 0.1386577 | G26: 925393401 | H26: =IF(OR(G26="",G25=0),"",G26/G25) -> 0.39894838 | I26: =IF(G26="","",G26/G$5) -> 0.1653526 | J26: =IF(OR(D26="",G26=""),"",D26-G26) -> 897485249
B27: 세부 | C27: 퇴직급여 | D27: 152420193 | E27: =IF(OR(D27="",D25=0),"",D27/D25) -> 0.051159346 | F27: =IF(D27="","",D27/D$5) -> 0.011593879 | G27: 47090190 | H27: =IF(OR(G27="",G25=0),"",G27/G25) -> 0.020301155 | I27: =IF(G27="","",G27/G$5) -> 0.0084142433 | J27: =IF(OR(D27="",G27=""),"",D27-G27) -> 105330003
B28: 세부 | C28: 복리후생비 | D28: 147553407 | E28: =IF(OR(D28="",D25=0),"",D28/D25) -> 0.049525825 | F28: =IF(D28="","",D28/D$5) -> 0.011223686 | G28: 149856057 | H28: =IF(OR(G28="",G25=0),"",G28/G25) -> 0.064604774 | I28: =IF(G28="","",G28/G$5) -> 0.026776815 | J28: =IF(OR(D28="",G28=""),"",D28-G28) -> -2302650
B29: 세부 | C29: 여비교통비 | D29: 9246562 | E29: =IF(OR(D29="",D25=0),"",D29/D25) -> 0.0031035787 | F29: =IF(D29="","",D29/D$5) -> 0.00070334197 | G29: 13978890 | H29: =IF(OR(G29="",G25=0),"",G29/G25) -> 0.00602647 | I29: =IF(G29="","",G29/G$5) -> 0.002497798 | J29: =IF(OR(D29="",G29=""),"",D29-G29) -> -4732328
B30: 세부 | C30: 접대비 | D30: 8802000 | E30: =IF(OR(D30="",D25=0),"",D30/D25) -> 0.0029543629 | F30: =IF(D30="","",D30/D$5) -> 0.00066952625 | G30: 4574200 | H30: =IF(OR(G30="",G25=0),"",G30/G25) -> 0.0019719934 | I30: =IF(G30="","",G30/G$5) -> 0.00081733439 | J30: =IF(OR(D30="",G30=""),"",D30-G30) -> 4227800
B31: 세부 | C31: 통신비 | D31: 9364469 | E31: =IF(OR(D31="",D25=0),"",D31/D25) -> 0.0031431538 | F31: =IF(D31="","",D31/D$5) -> 0.0007123106 | G31: 1820713 | H31: =IF(OR(G31="",G25=0),"",G31/G25) -> 0.00078493158 | I31: =IF(G31="","",G31/G$5) -> 0.0003253315 | J31: =IF(OR(D31="",G31=""),"",D31-G31) -> 7543756
B32: 세부 | C32: 수도광열비 | D32: 16446116 | E32: =IF(OR(D32="",D25=0),"",D32/D25) -> 0.0055200858 | F32: =IF(D32="","",D32/D$5) -> 0.0012509778 | G32: 5716101 | H32: =IF(OR(G32="",G25=0),"",G32/G25) -> 0.0024642809 | I32: =IF(G32="","",G32/G$5) -> 0.0010213733 | J32: =IF(OR(D32="",G32=""),"",D32-G32) -> 10730015
B33: 세부 | C33: 세금과공과 | D33: 62971500 | E33: =IF(OR(D33="",D25=0),"",D33/D25) -> 0.021136181 | F33: =IF(D33="","",D33/D$5) -> 0.0047899423 | G33: 28336468 | H33: =IF(OR(G33="",G25=0),"",G33/G25) -> 0.012216197 | I33: =IF(G33="","",G33/G$5) -> 0.0050632613 | J33: =IF(OR(D33="",G33=""),"",D33-G33) -> 34635032
B34: 세부 | C34: 지급임차료 | D34: 74136257 | E34: =IF(OR(D34="",D25=0),"",D34/D25) -> 0.024883596 | F34: =IF(D34="","",D34/D$5) -> 0.0056391923 | G34: 29850264 | H34: =IF(OR(G34="",G25=0),"",G34/G25) -> 0.012868813 | I34: =IF(G34="","",G34/G$5) -> 0.0053337518 | J34: =IF(OR(D34="",G34=""),"",D34-G34) -> 44285993
B35: 세부 | C35: 수선비 | E35: =IF(OR(D35="",D25=0),"",D35/D25) | F35: =IF(D35="","",D35/D$5) | G35: 5262727 | H35: =IF(OR(G35="",G25=0),"",G35/G25) -> 0.0022688258 | I35: =IF(G35="","",G35/G$5) -> 0.00094036286 | J35: =IF(OR(D35="",G35=""),"",D35-G35)
B36: 세부 | C36: 보험료 | D36: 7359767 | E36: =IF(OR(D36="",D25=0),"",D36/D25) -> 0.0024702821 | F36: =IF(D36="","",D36/D$5) -> 0.00055982245 | G36: 5509172 | H36: =IF(OR(G36="",G25=0),"",G36/G25) -> 0.0023750712 | I36: =IF(G36="","",G36/G$5) -> 0.00098439853 | J36: =IF(OR(D36="",G36=""),"",D36-G36) -> 1850595
B37: 세부 | C37: 차량유지비 | D37: 509000 | E37: =IF(OR(D37="",D25=0),"",D37/D25) -> 0.00017084421 | F37: =IF(D37="","",D37/D$5) -> 3.8717208e-05 | G37: 689502 | H37: =IF(OR(G37="",G25=0),"",G37/G25) -> 0.00029725272 | I37: =IF(G37="","",G37/G$5) -> 0.00012320268 | J37: =IF(OR(D37="",G37=""),"",D37-G37) -> -180502
B38: 세부 | C38: 운반비 | D38: 513850 | E38: =IF(OR(D38="",D25=0),"",D38/D25) -> 0.0001724721 | F38: =IF(D38="","",D38/D$5) -> 3.9086124e-05 | G38: 5006025 | H38: =IF(OR(G38="",G25=0),"",G38/G25) -> 0.0021581584 | I38: =IF(G38="","",G38/G$5) -> 0.00089449443 | J38: =IF(OR(D38="",G38=""),"",D38-G38) -> -4492175
B39: 세부 | C39: 교육훈련비 | D39: 1199818 | E39: =IF(OR(D39="",D25=0),"",D39/D25) -> 0.00040271504 | F39: =IF(D39="","",D39/D$5) -> 9.1264446e-05 | G39: 8262 | H39: =IF(OR(G39="",G25=0),"",G39/G25) -> 3.561849e-06 | I39: =IF(G39="","",G39/G$5) -> 1.4762837e-06 | J39: =IF(OR(D39="",G39=""),"",D39-G39) -> 1191556
B40: 세부 | C40: 도서인쇄비 | D40: 8368000 | E40: =IF(OR(D40="",D25=0),"",D40/D25) -> 0.0028086922 | F40: =IF(D40="","",D40/D$5) -> 0.00063651394 | G40: 8484800 | H40: =IF(OR(G40="",G25=0),"",G40/G25) -> 0.0036579008 | I40: =IF(G40="","",G40/G$5) -> 0.0015160944 | J40: =IF(OR(D40="",G40=""),"",D40-G40) -> -116800
B41: 세부 | C41: 소모품비 | D41: 9759123 | E41: =IF(OR(D41="",D25=0),"",D41/D25) -> 0.0032756182 | F41: =IF(D41="","",D41/D$5) -> 0.00074233005 | G41: 87634156 | H41: =IF(OR(G41="",G25=0),"",G41/G25) -> 0.037780153 | I41: =IF(G41="","",G41/G$5) -> 0.015658784 | J41: =IF(OR(D41="",G41=""),"",D41-G41) -> -77875033
B42: 세부 | C42: 지급수수료 | D42: 540820215 | E42: =IF(OR(D42="",D25=0),"",D42/D25) -> 0.18152456 | F42: =IF(D42="","",D42/D$5) -> 0.04113762 | G42: 742503791 | H42: =IF(OR(G42="",G25=0),"",G42/G25) -> 0.32010244 | I42: =IF(G42="","",G42/G$5) -> 0.13267323 | J42: =IF(OR(D42="",G42=""),"",D42-G42) -> -201683576 | K42: 판관비 최대 단일 과목
B43: 세부 | C43: 광고선전비 | D43: 106973599 | E43: =IF(OR(D43="",D25=0),"",D43/D25) -> 0.035905344 | F43: =IF(D43="","",D43/D$5) -> 0.0081369726 | G43: 257024074 | H43: =IF(OR(G43="",G25=0),"",G43/G25) -> 0.11080621 | I43: =IF(G43="","",G43/G$5) -> 0.04592598 | J43: =IF(OR(D43="",G43=""),"",D43-G43) -> -150050475
B44: 세부 | C44: 잡비 | E44: =IF(OR(D44="",D25=0),"",D44/D25) | F44: =IF(D44="","",D44/D$5) | G44: 843000 | H44: =IF(OR(G44="",G25=0),"",G44/G25) -> 0.00036342758 | I44: =IF(G44="","",G44/G$5) -> 0.00015063025 | J44: =IF(OR(D44="",G44=""),"",D44-G44)
B45: 소계 | C45: Ⅴ.영업이익(손실) | D45: =D24-D25 -> -2079522109 | F45: =IF(D45="","",D45/D$5) -> -0.15817935 | G45: =G24-G25 -> -3448723814 | I45: =IF(G45="","",G45/G$5) -> -0.61623029 | J45: =IF(OR(D45="",G45=""),"",D45-G45) -> 1369201705 | K45: 보고서 (2,079,522,109)
B46: 보완 | C46: (+) 감가상각비 되더하기 | D46: =D15 -> 3349232000 | F46: =IF(D46="","",D46/D$5) -> 0.25476014 | G46: =G15 -> 1665933000 | I46: =IF(G46="","",G46/G$5) -> 0.29767486 | J46: =IF(OR(D46="",G46=""),"",D46-G46) -> 1683299000 | K46: [보완] 감가상각비는 운항원가 안에 있다
B47: 보완 | C47: EBITDA | D47: =D45+D46 -> 1269709891 | F47: =IF(D47="","",D47/D$5) -> 0.096580789 | G47: =G45+G46 -> -1782790814 | I47: =IF(G47="","",G47/G$5) -> -0.31855543 | J47: =IF(OR(D47="",G47=""),"",D47-G47) -> 3052500705 | K47: [보완] 영업이익 + 감가상각비
B48: 항목 | C48: Ⅵ.영업외수익 | D48: =SUM(D49:D52) -> 81389927 | F48: =IF(D48="","",D48/D$5) -> 0.0061909444 | G48: =SUM(G49:G52) -> 38864425 | I48: =IF(G48="","",G48/G$5) -> 0.0069444343 | J48: =IF(OR(D48="",G48=""),"",D48-G48) -> 42525502 | K48: 보고서 81,389,927
B49: 세부 | C49: 이자수익 | D49: 470621 | E49: =IF(OR(D49="",D48=0),"",D49/D48) -> 0.0057823003 | F49: =IF(D49="","",D49/D$5) -> 3.57979e-05 | G49: 1110223 | H49: =IF(OR(G49="",G48=0),"",G49/G48) -> 0.028566562 | I49: =IF(G49="","",G49/G$5) -> 0.00019837861 | J49: =IF(OR(D49="",G49=""),"",D49-G49) -> -639602
B50: 세부 | C50: 외환차익 | D50: 987854 | E50: =IF(OR(D50="",D48=0),"",D50/D48) -> 0.0121373 | F50: =IF(D50="","",D50/D$5) -> 7.5141353e-05 | H50: =IF(OR(G50="",G48=0),"",G50/G48) | I50: =IF(G50="","",G50/G$5) | J50: =IF(OR(D50="",G50=""),"",D50-G50)
B51: 세부 | C51: 환불위약금 | D51: 24388874 | E51: =IF(OR(D51="",D48=0),"",D51/D48) -> 0.2996547 | F51: =IF(D51="","",D51/D$5) -> 0.0018551456 | G51: 12934430 | H51: =IF(OR(G51="",G48=0),"",G51/G48) -> 0.33280899 | I51: =IF(G51="","",G51/G$5) -> 0.0023111701 | J51: =IF(OR(D51="",G51=""),"",D51-G51) -> 11454444
B52: 세부 | C52: 잡이익 | D52: 55542578 | E52: =IF(OR(D52="",D48=0),"",D52/D48) -> 0.6824257 | F52: =IF(D52="","",D52/D$5) -> 0.0042248596 | G52: 24819772 | H52: =IF(OR(G52="",G48=0),"",G52/G48) -> 0.63862445 | I52: =IF(G52="","",G52/G$5) -> 0.0044348855 | J52: =IF(OR(D52="",G52=""),"",D52-G52) -> 30722806
B53: 항목 | C53: Ⅶ.영업외비용 | D53: =SUM(D54:D57) -> 4042055930 | F53: =IF(D53="","",D53/D$5) -> 0.30745996 | G53: =SUM(G54:G57) -> 2366542741 | I53: =IF(G53="","",G53/G$5) -> 0.42286231 | J53: =IF(OR(D53="",G53=""),"",D53-G53) -> 1675513189 | K53: 보고서 4,042,055,930
B54: 세부 | C54: 이자비용(주5) | D54: 4008855236 | E54: =IF(OR(D54="",D53=0),"",D54/D53) -> 0.99178619 | F54: =IF(D54="","",D54/D$5) -> 0.30493454 | G54: 2338902767 | H54: =IF(OR(G54="",G53=0),"",G54/G53) -> 0.98832053 | I54: =IF(G54="","",G54/G$5) -> 0.4179235 | J54: =IF(OR(D54="",G54=""),"",D54-G54) -> 1669952469 | K54: 매출의 30% 초과
B55: 세부 | C55: 유형자산처분손실 | E55: =IF(OR(D55="",D53=0),"",D55/D53) | F55: =IF(D55="","",D55/D$5) | G55: 2575684 | H55: =IF(OR(G55="",G53=0),"",G55/G53) -> 0.0010883742 | I55: =IF(G55="","",G55/G$5) -> 0.00046023242 | J55: =IF(OR(D55="",G55=""),"",D55-G55)
B56: 세부 | C56: 기부금 | D56: 6400000 | E56: =IF(OR(D56="",D53=0),"",D56/D53) -> 0.0015833527 | F56: =IF(D56="","",D56/D$5) -> 0.00048681755 | G56: 9605000 | H56: =IF(OR(G56="",G53=0),"",G56/G53) -> 0.0040586632 | I56: =IF(G56="","",G56/G$5) -> 0.0017162557 | J56: =IF(OR(D56="",G56=""),"",D56-G56) -> -3205000
B57: 세부 | C57: 잡손실 | D57: 26800694 | E57: =IF(OR(D57="",D53=0),"",D57/D53) -> 0.0066304609 | F57: =IF(D57="","",D57/D$5) -> 0.0020386013 | G57: 15459290 | H57: =IF(OR(G57="",G53=0),"",G57/G53) -> 0.0065324364 | I57: =IF(G57="","",G57/G$5) -> 0.0027623212 | J57: =IF(OR(D57="",G57=""),"",D57-G57) -> 11341404
B58: 소계 | C58: Ⅷ.법인세비용차감전순이익(손실) | D58: =D45+D48-D53 -> -6040188112 | F58: =IF(D58="","",D58/D$5) -> -0.45944837 | G58: =G45+G48-G53 -> -5776402130 | I58: =IF(G58="","",G58/G$5) -> -1.0321482 | J58: =IF(OR(D58="",G58=""),"",D58-G58) -> -263785982 | K58: 보고서 "순손실 6,040,188,112" — 여기서는 부호로 표시
B59: 항목 | C59: Ⅸ.법인세비용(주8) | F59: =IF(D59="","",D59/D$5) | I59: =IF(G59="","",G59/G$5) | J59: =IF(OR(D59="",G59=""),"",D59-G59) | K59: 보고서 "-"
B60: 소계 | C60: Ⅹ.당기순이익(손실)(주16,17) | D60: =D58-D59 -> -6040188112 | F60: =IF(D60="","",D60/D$5) -> -0.45944837 | G60: =G58-G59 -> -5776402130 | I60: =IF(G60="","",G60/G$5) -> -1.0321482 | J60: =IF(OR(D60="",G60=""),"",D60-G60) -> -263785982 | K60: 보고서 "당기순손실 6,040,188,112"
B61: 보완 | C61: 당기순손익 (손실 △) | D61: =D60 -> -6040188112 | F61: =IF(D61="","",D61/D$5) -> -0.45944837 | G61: =G60 -> -5776402130 | I61: =IF(G61="","",G61/G$5) -> -1.0321482 | J61: =IF(OR(D61="",G61=""),"",D61-G61) -> -263785982 | K61: [보완] EBITDA 조정표 — 교과서 정의 경로
B62: 보완 | C62: (+) 이자비용 | D62: =D54 -> 4008855236 | F62: =IF(D62="","",D62/D$5) -> 0.30493454 | G62: =G54 -> 2338902767 | I62: =IF(G62="","",G62/G$5) -> 0.4179235 | J62: =IF(OR(D62="",G62=""),"",D62-G62) -> 1669952469 | K62: [보완]
B63: 보완 | C63: (+) 법인세비용 | D63: =D59 -> 0 | F63: =IF(D63="","",D63/D$5) -> 0 | G63: =G59 -> 0 | I63: =IF(G63="","",G63/G$5) -> 0 | J63: =IF(OR(D63="",G63=""),"",D63-G63) -> 0 | K63: [보완]
B64: 보완 | C64: (+) 감가상각비 | D64: =D15 -> 3349232000 | F64: =IF(D64="","",D64/D$5) -> 0.25476014 | G64: =G15 -> 1665933000 | I64: =IF(G64="","",G64/G$5) -> 0.29767486 | J64: =IF(OR(D64="",G64=""),"",D64-G64) -> 1683299000 | K64: [보완]
B65: 보완 | C65: ＝ 소계 (영업외손익 포함) | D65: =SUM(D61:D64) -> 1317899124 | F65: =IF(D65="","",D65/D$5) -> 0.10024632 | G65: =SUM(G61:G64) -> -1771566363 | I65: =IF(G65="","",G65/G$5) -> -0.31654981 | J65: =IF(OR(D65="",G65=""),"",D65-G65) -> 3089465487 | K65: [보완]
B66: 보완 | C66: (−) 영업외수익 | D66: =-D48 -> -81389927 | F66: =IF(D66="","",D66/D$5) -> -0.0061909444 | G66: =-G48 -> -38864425 | I66: =IF(G66="","",G66/G$5) -> -0.0069444343 | J66: =IF(OR(D66="",G66=""),"",D66-G66) -> -42525502 | K66: [보완]
B67: 보완 | C67: (+) 이자 외 영업외비용 | D67: =D53-D54 -> 33200694 | F67: =IF(D67="","",D67/D$5) -> 0.0025254188 | G67: =G53-G54 -> 27639974 | I67: =IF(G67="","",G67/G$5) -> 0.0049388093 | J67: =IF(OR(D67="",G67=""),"",D67-G67) -> 5560720 | K67: [보완]
B68: 보완 | C68: ＝ EBITDA (Ⅴ 기준과 일치) | D68: =D65+D66+D67 -> 1269709891 | F68: =IF(D68="","",D68/D$5) -> 0.096580789 | G68: =G65+G66+G67 -> -1782790814 | I68: =IF(G68="","",G68/G$5) -> -0.31855543 | J68: =IF(OR(D68="",G68=""),"",D68-G68) -> 3052500705 | K68: [보완] 두 경로가 같은 값에 닿는다
C70: 출처: [대저페리]감사보고서(2025.04.09).pdf — 신한회계법인 · 2025.03.31 · 의견거절 · DART 전자공시 https://dart.fss.or.kr/
C71: 운항원가 세부 6줄은 주석 15 운항원가 열(천원)을 ×1,000 해서 원으로 맞춘 값. "운항기타"는 운항원가 총액에서 6줄을 뺀 차액이라 반올림까지 흡수한다.
C72: 운항기타 세목 5줄은 가정 비율(설정값 A-2)로 나눈 값 — 금액이 아니라 비율을 가정하므로 합계는 언제나 보고서 잔액 그대로다.

Sheet 주석_보조자료
B1: 감사보고서 주석 · 보조 자료
B2: 주석 15 부가가치 관련자료는 천원 공시 — 보고서 표기 그대로. 운항원가의 "분해표"가 아니라 부가가치 6개 계정만 판관비/운항원가로 가른 표다.
B4: 1. 주석 15 부가가치 관련자료 (단위: 천원)
B5: 계정과목 | C5: 당기 판관비 | D5: 당기 운항원가 | E5: 당기 합계 | F5: 전기 판관비 | G5: 전기 운항원가 | H5: 전기 합계 | I5: 비고
B6: 급여 | C6: 1822879 | D6: 1253988 | E6: =C6+D6 -> 3076867 | F6: 925393 | G6: 598243 | H6: =F6+G6 -> 1523636
B7: 퇴직급여 | C7: 152420 | D7: 148252 | E7: =C7+D7 -> 300672 | F7: 47090 | G7: 21645 | H7: =F7+G7 -> 68735
B8: 복리후생비 | C8: 147553 | D8: 267351 | E8: =C8+D8 -> 414904 | F8: 149856 | G8: 122501 | H8: =F8+G8 -> 272357
B9: 인건비 소계 ← 선원비에 해당 | C9: =SUM(C6:C8) -> 2122852 | D9: =SUM(D6:D8) -> 1669591 | E9: =SUM(E6:E8) -> 3792443 | F9: =SUM(F6:F8) -> 1122339 | G9: =SUM(G6:G8) -> 742389 | H9: =SUM(H6:H8) -> 1864728
B10: 감가상각비 | C10: 0 | D10: 3349232 | E10: =C10+D10 -> 3349232 | F10: 0 | G10: 1665933 | H10: =F10+G10 -> 1665933
B11: 세금과공과 | C11: 62972 | D11: 48282 | E11: =C11+D11 -> 111254 | F11: 28336 | G11: 67295 | H11: =F11+G11 -> 95631
B12: 임차료 | C12: 74136 | D12: 30929 | E12: =C12+D12 -> 105065 | F12: 29850 | G12: 0 | H12: =F12+G12 -> 29850
B13: 주석 15 합계 | C13: =C9+SUM(C10:C12) -> 2259960 | D13: =D9+SUM(D10:D12) -> 5098034 | E13: =E9+SUM(E10:E12) -> 7357994 | F13: =F9+SUM(F10:F12) -> 1180525 | G13: =G9+SUM(G10:G12) -> 2475617 | H13: =H9+SUM(H10:H12) -> 3656142
B14: 운항원가 총액과의 간극 (천원) | D14: =ROUND(손익계산서_원본!$D$11/1000,0)-D13 -> 7148775 | I14: 손익계산서 운항원가(천원) − 주석 15 운항원가 열 = 보고서 어디에도 갈라 적혀 있지 않은 금액 (연료·항비·수선비·보험료 등)
B15: 주석 15를 운항원가 분해표로 읽으면 틀린다. 인건비 성격은 위 세 줄뿐이고, 선원/육상 운항지원 구분은 불가.
B17: 2. 그 밖의 주석 · 재무제표 값 (원)
B18: 항목 | C18: 당기 2024 | D18: 전기 2023 | I18: 출처
B19: 퇴직급여충당부채 당기 전입액 | C19: 300671000 | I19: 주석 7
B20: 영업활동으로 인한 현금흐름 | C20: -4645599309 | D20: -5004878618 | I20: 현금흐름표 — EBITDA 흑자의 현실 점검용
B21: 부가세예수금 (기말 잔액) | C21: 664296932 | D21: 212619820 | I21: 재무상태표 유동부채 (전기: 감사받지 아니함)

Sheet 원가구조_기준
B1: 원가 구조 — 기준 자료 (대저페리 제3기 · 참조 선박)
B2: 감사보고서 값에서 파생되는 중간값과 BEP 모형의 입력(고정비·준변동비·변동비)을 세운다. 단위: 원
B4: 1. 감사보고서 파생값
B5: 항목 | C5: 금액 | J5: 산식
B6: 여객수입 | C6: =손익계산서_원본!$D$6 -> 12813966995 | J6: 손익계산서 Ⅰ 여객수입
B7: 매출액 | C7: =손익계산서_원본!$D$5 -> 13146609166 | J7: 손익계산서 Ⅰ
B8: 여객 외 수입 (O) | C8: =원가구조_기준!$C$7-원가구조_기준!$C$6 -> 332642171 | J8: 매출액 − 여객수입 = 화물 + 임대료 등 · BEP 모형의 O
B9: 화물수입 | C9: =손익계산서_원본!$D$7 -> 323042171
B10: 화물 외 기타수입 (임대료 등) | C10: =원가구조_기준!$C$8-원가구조_기준!$C$9 -> 9600000
B11: 운항원가 (매출원가) | C11: =손익계산서_원본!$D$10 -> 12246808749
B12: 판매비와관리비 | C12: =손익계산서_원본!$D$25 -> 2979322526
B13: 영업이익(손실) | C13: =손익계산서_원본!$D$45 -> -2079522109
B14: 운항 감가상각비 | C14: =손익계산서_원본!$D$15 -> 3349232000 | J14: 전액 운항원가에 들어가 있다
B15: EBITDA | C15: =원가구조_기준!$C$13+원가구조_기준!$C$14 -> 1269709891 | J15: 영업이익 + 감가상각비
B16: 판관 급여영역 3과목 (직원급여·퇴직·복리) | C16: =손익계산서_원본!$D$26+손익계산서_원본!$D$27+손익계산서_원본!$D$28 -> 2122852250
B17: 판관 그 밖 (급여영역 제외) | C17: =원가구조_기준!$C$12-원가구조_기준!$C$16 -> 856470276
B18: 지급수수료 | C18: =손익계산서_원본!$D$42 -> 540820215
B19: 판관 그 밖 13과목 (지급수수료 제외) | C19: =원가구조_기준!$C$17-원가구조_기준!$C$18 -> 315650061
B20: 운항 인건비 3과목 (주석 15) | C20: =손익계산서_원본!$D$12+손익계산서_원본!$D$13+손익계산서_원본!$D$14 -> 1669591000 | J20: 해상직(선원+승무원) 인건비
B21: 전사 인건비 | C21: =원가구조_기준!$C$16+원가구조_기준!$C$20 -> 3792443250
B22: 운항 세금과공과 + 임차료 | C22: =손익계산서_원본!$D$16+손익계산서_원본!$D$17 -> 79211000
B23: 주석 15에 기재된 운항원가 | C23: =원가구조_기준!$C$20+원가구조_기준!$C$14+원가구조_기준!$C$22 -> 5098034000
B24: 운항기타 (주석 미기재 잔액) | C24: =원가구조_기준!$C$11-원가구조_기준!$C$23 -> 7148774749 | J24: 연료·항비·수선비 등 — 보고서에 갈라 적혀 있지 않다
B25: 2. 인력 · 1인당 인건비
B26: 항목 | C26: 값 | J26: 산식
B27: 판관 급여영역 1인당 (퇴직 포함) | C27: =원가구조_기준!$C$16/설정값!$D$90 -> 70761742 | J27: 급여영역 3과목 ÷ 기준 인원 30명
B28: 지상직 1인당 현금 인건비 (연) | C28: =(손익계산서_원본!$D$26+손익계산서_원본!$D$28)/설정값!$D$90 -> 65681069 | J28: (직원급여 + 복리후생비) ÷ 30 — 헤더 "1인당 인건비"
B29: 지상직 1인당 퇴직급여 (비현금) | C29: =손익계산서_원본!$D$27/설정값!$D$90 -> 5080673.1
B30: 지상직 1인당 현금 인건비 (월) | C30: =원가구조_기준!$C$28/12 -> 5473422.4
B31: 해상직 인원 (선원 + 승무원) | C31: =MAX(1,설정값!$D$9+설정값!$D$10) -> 20
B32: 해상직 1인당 인건비 (퇴직 포함) | C32: =원가구조_기준!$C$20/원가구조_기준!$C$31 -> 83479550
B33: 해상직 1인당 ÷ 지상직 1인당(현금) | C33: =원가구조_기준!$C$32/원가구조_기준!$C$28 -> 1.2709834
B34: 판관 급여영역 (설정 지상직 인원 기준) | C34: =설정값!$D$8*원가구조_기준!$C$27 -> 2.1228523e+09 | J34: 지상직 × 1인당 — 판관 급여영역만 직원 수에 따라 움직인다
B35: 3. 좌석 등급 · 실현 단가 · 승객수
B36: 등급 | C36: 운임 | D36: 배율 | E36: 구성비 | J36: 비고
B37: 이코노미 | C37: =설정값!$D$12*운임_화물_선박!$C$12 -> 81000 | D37: =운임_화물_선박!$C$12 -> 1 | E37: =MAX(0,설정값!$D$14) -> 1
B38: 비즈니스 | C38: =설정값!$D$12*운임_화물_선박!$E$12 -> 121500 | D38: =운임_화물_선박!$E$12 -> 1.5 | E38: =MAX(0,설정값!$D$15) -> 0
B39: 퍼스트 | C39: =설정값!$D$12*운임_화물_선박!$G$12 -> 171500 | D39: =운임_화물_선박!$G$12 -> 2.117284 | E39: =MAX(0,설정값!$D$16) -> 0
B40: 구성비 합계 | C40: =SUM(E37:E39) -> 1
B41: 배율 × 구성비 합 | C41: =SUMPRODUCT(D37:D39,E37:E39) -> 1
B42: 가중평균 운임 | C42: =IF(원가구조_기준!$C$41>0,설정값!$D$12*원가구조_기준!$C$41/원가구조_기준!$C$40,설정값!$D$12) -> 81000 | J42: 구성비가 비면 이코노미 단일 운임
B43: (+) 유류할증료 | C43: =설정값!$D$13 -> 7950
B44: ＝ 실현 단가 (P) | C44: =원가구조_기준!$C$42+원가구조_기준!$C$43 -> 88950 | J44: 유류할증료는 회계상 여객수입에 들어가므로 단가에 더한다
B45: 실적 역산 승객수 (환산 유상여객) | C45: =원가구조_기준!$C$6/원가구조_기준!$C$44 -> 144058.09 | J45: 여객수입 12,814백만 ÷ 실현 단가 — 실제 탑승 인원이 아니라 환산 단위
B46: 시뮬레이션 승객수 | C46: =IF(설정값!$D$20="",ROUND(원가구조_기준!$C$6/원가구조_기준!$C$42,0),MAX(0,ROUND(설정값!$D$20,0))) -> 158197 | J46: 설정값이 비어 있으면 첫 화면 규칙: 여객수입 ÷ 가중평균 운임(유류할증 제외) = 158,197명. 실적 역산값으로 보려면 설정값에 144,058 입력
B47: 참조 선박 정원 | C47: =운임_화물_선박!$G$18 -> 970 | J47: 엘도라도 익스프레스호
B48: 승선율 | C48: =원가구조_기준!$C$46/(원가구조_기준!$C$47*설정값!$D$11) -> 0.32748934 | J48: 승객수 ÷ (정원 × 항차수)
B49: 항차당 승객 | C49: =원가구조_기준!$C$46/설정값!$D$11 -> 317.66466
B50: 가동율 (편도 항차) | C50: =설정값!$D$11/설정값!$D$91 -> 0.68219178 | J50: 항차 ÷ 730일(365×2)
B51: 4. 운항기타 세목 — 비율만 가정, 합계는 보고서 잔액 고정
B52: 세목 | C52: 금액 | D52: 입력 비율 | E52: 정규화 비율 | F52: 항차당 | G52: 구분 | J52: 근거
B53: 연료비 | C53: =IFERROR(원가구조_기준!$C$24*설정값!$D$23/(설정값!$D$23+설정값!$D$24+설정값!$D$25+설정값!$D$26+설정값!$D$27),0) -> 5.9656525e+09 | D53: =설정값!$D$23 -> 0.8345 | E53: =IFERROR(D53/SUM($D$53:$D$57),0) -> 0.8345 | F53: =C53/설정값!$D$11 -> 11979222 | G53: 운항비 | J53: 820$/MT · 편도 217km × 49.5kg/km · 500항차 역산 → 5,989,460,400원 · 항차에 붙는다
B54: 항비 | C54: =IFERROR(원가구조_기준!$C$24*설정값!$D$24/(설정값!$D$23+설정값!$D$24+설정값!$D$25+설정값!$D$26+설정값!$D$27),0) -> 7.9708838e+08 | D54: =설정값!$D$24 -> 0.1115 | E54: =IFERROR(D54/SUM($D$53:$D$57),0) -> 0.1115 | F54: =C54/설정값!$D$11 -> 1600579.1 | G54: 운항비 | J54: 입출항료·접안료·도선료·터미널 — 나머지 넷을 뺀 잔액
B55: 보험료 | C55: =IFERROR(원가구조_기준!$C$24*설정값!$D$25/(설정값!$D$23+설정값!$D$24+설정값!$D$25+설정값!$D$26+설정값!$D$27),0) -> 3.6673214e+08 | D55: =설정값!$D$25 -> 0.0513 | E55: =IFERROR(D55/SUM($D$53:$D$57),0) -> 0.0513 | F55: =C55/설정값!$D$11 -> 736409.93 | G55: 선비 | J55: 주석 4 선박보험 부보액 73,378,500천원 × 0.5% (통상 요율) · P&I 별도
B56: 수리비 | C56: =IFERROR(원가구조_기준!$C$24*설정값!$D$26/(설정값!$D$23+설정값!$D$24+설정값!$D$25+설정값!$D$26+설정값!$D$27),0) -> 0 | D56: =설정값!$D$26 -> 0 | E56: =IFERROR(D56/SUM($D$53:$D$57),0) -> 0 | F56: =C56/설정값!$D$11 -> 0 | G56: 선비 | J56: 선령이 낮아 보증기간·보험금 청구로 처리 — 계상액 없음 (판관비 수선비도 당기 0원)
B57: 선용품비 | C57: =IFERROR(원가구조_기준!$C$24*설정값!$D$27/(설정값!$D$23+설정값!$D$24+설정값!$D$25+설정값!$D$26+설정값!$D$27),0) -> 19301692 | D57: =설정값!$D$27 -> 0.0027 | E57: =IFERROR(D57/SUM($D$53:$D$57),0) -> 0.0027 | F57: =C57/설정값!$D$11 -> 38758.417 | G57: 선비 | J57: 윤활유·소모품 — 저장품 감소분 53,922,777 → 34,438,118 (19,484,659원)
B58: 합계 | C58: =SUM(C53:C57) -> 7148774749 | D58: =SUM(D53:D57) -> 1 | E58: =SUM(E53:E57) -> 1 | F58: =C58/설정값!$D$11 -> 14354969 | J58: 입력 비율 합이 100%가 아니어도 정규화 — 세목 합계는 언제나 운항기타 잔액과 같다
B59: 5. 원가 구성 — 고정 · 준변동 · 변동 (BEP 모형 입력)
B60: 원가 항목 | C60: 금액 | D60: 포함 | E60: 성격 | F60: 고정 | G60: 준변동 | H60: 변동 | I60: 그룹 | J60: 비고
B61: 운항 인건비 (급여·퇴직·복리) | C61: =원가구조_기준!$C$20 -> 1669591000 | D61: =설정값!$D$30 -> O | E61: =설정값!$E$30 -> 고정 | F61: =IF(AND($D61="O",$E61="고정"),$C61,0) -> 1669591000 | G61: =IF(AND($D61="O",$E61="준변동"),$C61,0) -> 0 | H61: =IF(AND($D61="O",$E61="변동"),$C61,0) -> 0 | I61: op | J61: 선원+승무원 · 승객수 무관
B62: 운항 감가상각비 | C62: =원가구조_기준!$C$14 -> 3349232000 | D62: =설정값!$D$31 -> O | E62: =설정값!$E$31 -> 고정 | F62: =IF(AND($D62="O",$E62="고정"),$C62,0) -> 3349232000 | G62: =IF(AND($D62="O",$E62="준변동"),$C62,0) -> 0 | H62: =IF(AND($D62="O",$E62="변동"),$C62,0) -> 0 | I62: op | J62: 20년 정액 · 비현금 · 포함을 X로 두면 EBITDA 기준
B63: 운항 세금과공과·임차료 | C63: =원가구조_기준!$C$22 -> 79211000 | D63: =설정값!$D$32 -> O | E63: =설정값!$E$32 -> 고정 | F63: =IF(AND($D63="O",$E63="고정"),$C63,0) -> 79211000 | G63: =IF(AND($D63="O",$E63="준변동"),$C63,0) -> 0 | H63: =IF(AND($D63="O",$E63="변동"),$C63,0) -> 0 | I63: op
B64: 운항기타 (항비·연료비·잡비) | C64: =원가구조_기준!$C$24 -> 7148774749 | D64: =설정값!$D$33 -> O | E64: =설정값!$E$33 -> 준변동 | F64: =IF(AND($D64="O",$E64="고정"),$C64,0) -> 0 | G64: =IF(AND($D64="O",$E64="준변동"),$C64,0) -> 7148774749 | H64: =IF(AND($D64="O",$E64="변동"),$C64,0) -> 0 | I64: op | J64: 운항원가의 58% · 항차 연동
B65: 판관 급여영역 | C65: =원가구조_기준!$C$34 -> 2.1228523e+09 | D65: =설정값!$D$34 -> O | E65: =설정값!$E$34 -> 고정 | F65: =IF(AND($D65="O",$E65="고정"),$C65,0) -> 2.1228523e+09 | G65: =IF(AND($D65="O",$E65="준변동"),$C65,0) -> 0 | H65: =IF(AND($D65="O",$E65="변동"),$C65,0) -> 0 | I65: sga | J65: 직원 수 연동 · 승객수 무관
B66: 판관 그 밖 13과목 | C66: =원가구조_기준!$C$19 -> 315650061 | D66: =설정값!$D$35 -> O | E66: =설정값!$E$35 -> 고정 | F66: =IF(AND($D66="O",$E66="고정"),$C66,0) -> 315650061 | G66: =IF(AND($D66="O",$E66="준변동"),$C66,0) -> 0 | H66: =IF(AND($D66="O",$E66="변동"),$C66,0) -> 0 | I66: sga
B67: 지급수수료 | C67: =원가구조_기준!$C$18 -> 540820215 | D67: =설정값!$D$36 -> O | E67: =설정값!$E$36 -> 변동 | F67: =IF(AND($D67="O",$E67="고정"),$C67,0) -> 0 | G67: =IF(AND($D67="O",$E67="준변동"),$C67,0) -> 0 | H67: =IF(AND($D67="O",$E67="변동"),$C67,0) -> 540820215 | I67: sga | J67: 예약·결제 수수료 · 승객 연동
B68: 합계 | C68: =SUM(C61:C67) -> 15226131275 | F68: =SUM(F61:F67) -> 7536536311 | G68: =SUM(G61:G67) -> 7148774749 | H68: =SUM(H61:H67) -> 540820215
B69: └ 운항원가 몫 | F69: =SUMIF($I$61:$I$67,"op",F61:F67) -> 5098034000 | G69: =SUMIF($I$61:$I$67,"op",G61:G67) -> 7148774749 | H69: =SUMIF($I$61:$I$67,"op",H61:H67) -> 0
B70: └ 판관비 몫 | F70: =SUMIF($I$61:$I$67,"sga",F61:F67) -> 2438502311 | G70: =SUMIF($I$61:$I$67,"sga",G61:G67) -> 0 | H70: =SUMIF($I$61:$I$67,"sga",H61:H67) -> 540820215
B72: 준변동비 항차당 단가 | C72: =원가구조_기준!$G$68/설정값!$D$11 -> 14354969 | J72: 준변동비 ÷ 설정 항차 — 기준점에서 다시 곱하면 원래 금액
B73: 변동비 승객당 단가 | C73: =IF(원가구조_기준!$C$45>0,원가구조_기준!$H$68/원가구조_기준!$C$45,0) -> 3754.1815 | J73: 변동비 ÷ 실적 역산 승객수
B74: 승객 1인 증가분 (v) | C74: =원가구조_기준!$C$73+설정값!$D$17 -> 3754.1815 | J74: 변동비 단가 + 수동 추가 변동비
B75: 공헌이익률 | C75: =1-원가구조_기준!$C$74/원가구조_기준!$C$44 -> 0.95779447 | J75: (운임 − 변동비) ÷ 운임 — 고정·준변동을 메우러 가는 몫
B76: EBITDA 기준 여부 | C76: =IF(설정값!$D$31="X","EBITDA 기준 (감가상각 제외)","회계 기준") -> 회계 기준
B77: 6. 시뮬레이션 승객수에서의 원가 ( "원가 구조 — 고정·변동 분해")
B78: 원가 항목 | C78: 금액 | D78: 비중 | E78: 성격 | F78: 동인
B79: 적용 항차 (승객이 정원을 넘으면 증가) | C79: =IF(AND(설정값!$D$18="O",원가구조_기준!$C$47>0),MAX(설정값!$D$11,CEILING(원가구조_기준!$C$46/원가구조_기준!$C$47,1)),설정값!$D$11) -> 498
B80: 운항 인건비 (급여·퇴직·복리) | C80: =IF(D61<>"O",0,IF(E61="준변동",C61/설정값!$D$11*원가구조_기준!$C$79,IF(E61="변동",C61/원가구조_기준!$C$45*원가구조_기준!$C$46,C61))) -> 1669591000 | D80: =IFERROR(C80/$C$88,0) -> 0.10927207 | E80: =E61 -> 고정 | F80: =IF(E61="준변동",TEXT(C61/설정값!$D$11,"#,##0")&"원/항차 × "&TEXT(원가구조_기준!$C$79,"#,##0")&"항차",IF(E61="변동",TEXT(C61/원가구조_기준!$C$45,"#,##0")&"원/인 × "&TEXT(원가구조_기준!$C$46,"#,##0")&"명","승객·항차와 무관")) -> 승객·항차와 무관
B81: 운항 감가상각비 | C81: =IF(D62<>"O",0,IF(E62="준변동",C62/설정값!$D$11*원가구조_기준!$C$79,IF(E62="변동",C62/원가구조_기준!$C$45*원가구조_기준!$C$46,C62))) -> 3349232000 | D81: =IFERROR(C81/$C$88,0) -> 0.21920189 | E81: =E62 -> 고정 | F81: =IF(E62="준변동",TEXT(C62/설정값!$D$11,"#,##0")&"원/항차 × "&TEXT(원가구조_기준!$C$79,"#,##0")&"항차",IF(E62="변동",TEXT(C62/원가구조_기준!$C$45,"#,##0")&"원/인 × "&TEXT(원가구조_기준!$C$46,"#,##0")&"명","승객·항차와 무관")) -> 승객·항차와 무관
B82: 운항 세금과공과·임차료 | C82: =IF(D63<>"O",0,IF(E63="준변동",C63/설정값!$D$11*원가구조_기준!$C$79,IF(E63="변동",C63/원가구조_기준!$C$45*원가구조_기준!$C$46,C63))) -> 79211000 | D82: =IFERROR(C82/$C$88,0) -> 0.0051842336 | E82: =E63 -> 고정 | F82: =IF(E63="준변동",TEXT(C63/설정값!$D$11,"#,##0")&"원/항차 × "&TEXT(원가구조_기준!$C$79,"#,##0")&"항차",IF(E63="변동",TEXT(C63/원가구조_기준!$C$45,"#,##0")&"원/인 × "&TEXT(원가구조_기준!$C$46,"#,##0")&"명","승객·항차와 무관")) -> 승객·항차와 무관
B83: 운항기타 (항비·연료비·잡비) | C83: =IF(D64<>"O",0,IF(E64="준변동",C64/설정값!$D$11*원가구조_기준!$C$79,IF(E64="변동",C64/원가구조_기준!$C$45*원가구조_기준!$C$46,C64))) -> 7148774749 | D83: =IFERROR(C83/$C$88,0) -> 0.4678759 | E83: =E64 -> 준변동 | F83: =IF(E64="준변동",TEXT(C64/설정값!$D$11,"#,##0")&"원/항차 × "&TEXT(원가구조_기준!$C$79,"#,##0")&"항차",IF(E64="변동",TEXT(C64/원가구조_기준!$C$45,"#,##0")&"원/인 × "&TEXT(원가구조_기준!$C$46,"#,##0")&"명","승객·항차와 무관")) -> 14,354,969원/항차 × 498항차
B84: 판관 급여영역 | C84: =IF(D65<>"O",0,IF(E65="준변동",C65/설정값!$D$11*원가구조_기준!$C$79,IF(E65="변동",C65/원가구조_기준!$C$45*원가구조_기준!$C$46,C65))) -> 2.1228523e+09 | D84: =IFERROR(C84/$C$88,0) -> 0.13893729 | E84: =E65 -> 고정 | F84: =IF(E65="준변동",TEXT(C65/설정값!$D$11,"#,##0")&"원/항차 × "&TEXT(원가구조_기준!$C$79,"#,##0")&"항차",IF(E65="변동",TEXT(C65/원가구조_기준!$C$45,"#,##0")&"원/인 × "&TEXT(원가구조_기준!$C$46,"#,##0")&"명","승객·항차와 무관")) -> 승객·항차와 무관
B85: 판관 그 밖 13과목 | C85: =IF(D66<>"O",0,IF(E66="준변동",C66/설정값!$D$11*원가구조_기준!$C$79,IF(E66="변동",C66/원가구조_기준!$C$45*원가구조_기준!$C$46,C66))) -> 315650061 | D85: =IFERROR(C85/$C$88,0) -> 0.020658793 | E85: =E66 -> 고정 | F85: =IF(E66="준변동",TEXT(C66/설정값!$D$11,"#,##0")&"원/항차 × "&TEXT(원가구조_기준!$C$79,"#,##0")&"항차",IF(E66="변동",TEXT(C66/원가구조_기준!$C$45,"#,##0")&"원/인 × "&TEXT(원가구조_기준!$C$46,"#,##0")&"명","승객·항차와 무관")) -> 승객·항차와 무관
B86: 지급수수료 | C86: =IF(D67<>"O",0,IF(E67="준변동",C67/설정값!$D$11*원가구조_기준!$C$79,IF(E67="변동",C67/원가구조_기준!$C$45*원가구조_기준!$C$46,C67))) -> 5.9390025e+08 | D86: =IFERROR(C86/$C$88,0) -> 0.038869824 | E86: =E67 -> 변동 | F86: =IF(E67="준변동",TEXT(C67/설정값!$D$11,"#,##0")&"원/항차 × "&TEXT(원가구조_기준!$C$79,"#,##0")&"항차",IF(E67="변동",TEXT(C67/원가구조_기준!$C$45,"#,##0")&"원/인 × "&TEXT(원가구조_기준!$C$46,"#,##0")&"명","승객·항차와 무관")) -> 3,754원/인 × 158,197명
B87: 승객 1인당 추가 변동비 | C87: =설정값!$D$17*원가구조_기준!$C$46 -> 0 | D87: =IFERROR(C87/$C$88,0) -> 0
B88: 총비용 | C88: =SUM(C80:C87) -> 1.5279211e+10 | D88: =SUM(D80:D87) -> 1

Sheet 대조선박_손익
B1: 손익계산서 — 대조 선박 (하카타 항로 투입 시나리오 · 단일연도)
B2: 감사보고서 원가 구조 위에 대조 선박의 인력·항차·운임·선가·차입 조건을 얹어 다시 세운 손익. 단위: 원
B4: 1. 대조 선박 파생값 (스케일 규칙)
B5: 항목 | C5: 값 | J5: 산식 · 규칙
B6: 대조 선박 | C6: =설정값!$D$39 -> 산타모니카호
B7: 여객정원 | C7: =IFERROR(INDEX(운임_화물_선박!$G$18:$G$21,MATCH(대조선박_손익!$C$6,운임_화물_선박!$B$18:$B$21,0)),0) -> 606 | J7: 운임_화물_선박 시트 선박 제원
B8: 분석 상태 | C8: =IFERROR(IF(LEFT(INDEX(운임_화물_선박!$K$18:$K$21,MATCH(대조선박_손익!$C$6,운임_화물_선박!$B$18:$B$21,0)),2)="보류","보류중 — 원가 자료 미확보, 결과를 확정으로 읽지 말 것","분석 가능"),"") -> 분석 가능
B9: 임대료수입 제외 (산타모니카호) | C9: =IF(대조선박_손익!$C$6="산타모니카호","O","X") -> O | J9: 산타모니카호는 우리 임대료수입 계정 대상이 아님
B10: 대조 해상직 인원 (선원+승무원) | C10: =MAX(1,설정값!$D$41+설정값!$D$42) -> 20
B11: 해상직 비율 (hR) | C11: =대조선박_손익!$C$10/원가구조_기준!$C$31 -> 1 | J11: 대조 해상직 ÷ 참조 해상직 → 운항 인건비 3과목에 곱함
B12: 지상직 비율 (sR) | C12: =설정값!$D$40/설정값!$D$90 -> 1 | J12: 대조 지상직 ÷ 30명 → 판관 급여 3과목에 곱함
B13: 항차 비율 | C13: =설정값!$D$43/설정값!$D$11 -> 1.2048193 | J13: 대조 항차 ÷ 참조 항차 → 운항기타 세목에 곱함
B14: 연료 원화 단가 — 기준 (원/MT) | C14: =설정값!$D$45*설정값!$D$47 -> 1115200
B15: 연료 원화 단가 — 현재 (원/MT) | C15: =설정값!$D$46*설정값!$D$48 -> 1783768
B16: 연료비 증가 배율 | C16: =IF(설정값!$D$49="O",대조선박_손익!$C$15/대조선박_손익!$C$14,1) -> 1.599505 | J16: (현재 $/MT × 환율) ÷ (기준 $/MT × 환율) — 연료비 세목에만
B17: 좌석 — 이코노미 (운임 · 배율 · 구성비) | C17: =설정값!$D$61*운임_화물_선박!$C$12 -> 90000 | D17: =운임_화물_선박!$C$12 -> 1 | E17: =MAX(0,설정값!$D$63) -> 1
B18: 좌석 — 비즈니스 (운임 · 배율 · 구성비) | C18: =설정값!$D$61*운임_화물_선박!$E$12 -> 135000 | D18: =운임_화물_선박!$E$12 -> 1.5 | E18: =MAX(0,설정값!$D$64) -> 0
B19: 좌석 — 퍼스트 (운임 · 배율 · 구성비) | C19: =설정값!$D$61*운임_화물_선박!$G$12 -> 190555.56 | D19: =운임_화물_선박!$G$12 -> 2.117284 | E19: =MAX(0,설정값!$D$65) -> 0
B20: 구성비 합계 | C20: =SUM(E17:E19) -> 1
B21: 배율 × 구성비 합 | C21: =SUMPRODUCT(D17:D19,E17:E19) -> 1
B22: 가중평균 운임 | C22: =IF(대조선박_손익!$C$21>0,설정값!$D$61*대조선박_손익!$C$21/대조선박_손익!$C$20,설정값!$D$61) -> 90000
B23: 실현 단가 (가중평균 + 유류할증료) | C23: =대조선박_손익!$C$22+설정값!$D$62 -> 120000
B24: 항차당 인원 (정원 × 승선율) | C24: =IF(OR(설정값!$D$59="O",대조선박_손익!$C$7=0),IF(설정값!$D$43>0,N(설정값!$D$60)/설정값!$D$43,0),ROUND(대조선박_손익!$C$7*설정값!$D$58,2)) -> 303
B25: 연간 승객수 | C25: =IF(OR(설정값!$D$59="O",대조선박_손익!$C$7=0),ROUND(N(설정값!$D$60),0),ROUND(대조선박_손익!$C$24*설정값!$D$43,0)) -> 181800 | J25: 승선율 → 항차당 인원 → 연간 승객수 (직접 입력이면 입력값)
B26: 승선율 (결과) | C26: =IF(대조선박_손익!$C$7>0,대조선박_손익!$C$25/(대조선박_손익!$C$7*설정값!$D$43),0) -> 0.5
B27: 가동율 (편도 항차) | C27: =설정값!$D$43/설정값!$D$91 -> 0.82191781
B28: 적재 케이스 항차당 최대 차량 수입 | C28: =IFERROR(INDEX(운임_화물_선박!$L$55:$L$59,MATCH(설정값!$D$67,운임_화물_선박!$B$55:$B$59,0)),0) -> 6579320 | J28: 운임_화물_선박 4번 표
B29: 선적율 적용 항차당 수입 | C29: =대조선박_손익!$C$28*설정값!$D$66 -> 1973796
B30: 연간 화물수입 | C30: =대조선박_손익!$C$28*설정값!$D$66*설정값!$D$43 -> 1184277600 | J30: 케이스 수입 × 선적율 × 대조 항차 (+α: 운임 미산정 항목)
B31: 임대료수입 | C31: =IF(대조선박_손익!$C$9="O",0,원가구조_기준!$C$10) -> 0
B32: 여객 외 수입 (O) | C32: =대조선박_손익!$C$30+대조선박_손익!$C$31 -> 1184277600
B33: 감가상각비 | C33: =IF(N(설정값!$D$50)>0,N(설정값!$D$50)*1000000*(1-설정값!$D$52)/MAX(1,설정값!$D$51),원가구조_기준!$C$14) -> 0 | J33: 선가 × (1 − 잔존가치) ÷ 내용연수 (정액법) · 선가가 비면 감사보고서 감가상각비
B34: 운항 인건비 3과목 | C34: =원가구조_기준!$C$20*대조선박_손익!$C$11 -> 1669591000
B35: 판관 급여영역 | C35: =설정값!$D$40*원가구조_기준!$C$27 -> 2.1228523e+09
B36: 지급수수료 배율 | C36: =IF(설정값!$E$36="변동",IF(원가구조_기준!$C$45>0,대조선박_손익!$C$25/원가구조_기준!$C$45,1),IF(설정값!$E$36="준변동",설정값!$D$43/설정값!$D$11,1)) -> 1.2619909 | J36: 원가 구성표의 지급수수료 성격을 따른다 (변동: 대조 승객 ÷ 실적 역산 승객)
B37: 2. 운항기타 세목 산출 ( "운항기타 — 산출 근거")
B38: 세목 | C38: 기준금액 (감사보고서 비례) | D38: 비율(정규화) | E38: 항차비율 | F38: 연료할증 | G38: 적용금액
B39: 연료비 | C39: =원가구조_기준!$C$53 -> 5.9656525e+09 | D39: =IFERROR(C39/원가구조_기준!$C$24,0) -> 0.8345 | E39: =대조선박_손익!$C$13 -> 1.2048193 | F39: =대조선박_손익!$C$16 -> 1.599505 | G39: =C39*E39*F39 -> 1.1496495e+10
B40: 항비 | C40: =원가구조_기준!$C$54 -> 7.9708838e+08 | D40: =IFERROR(C40/원가구조_기준!$C$24,0) -> 0.1115 | E40: =대조선박_손익!$C$13 -> 1.2048193 | F40: 1 | G40: =C40*E40*F40 -> 9.6034745e+08
B41: 보험료 | C41: =원가구조_기준!$C$55 -> 3.6673214e+08 | D41: =IFERROR(C41/원가구조_기준!$C$24,0) -> 0.0513 | E41: =대조선박_손익!$C$13 -> 1.2048193 | F41: 1 | G41: =C41*E41*F41 -> 4.4184596e+08
B42: 수리비 | C42: =원가구조_기준!$C$56 -> 0 | D42: =IFERROR(C42/원가구조_기준!$C$24,0) -> 0 | E42: =대조선박_손익!$C$13 -> 1.2048193 | F42: 1 | G42: =C42*E42*F42 -> 0
B43: 선용품비 | C43: =원가구조_기준!$C$57 -> 19301692 | D43: =IFERROR(C43/원가구조_기준!$C$24,0) -> 0.0027 | E43: =대조선박_손익!$C$13 -> 1.2048193 | F43: 1 | G43: =C43*E43*F43 -> 23255050
B44: 합계 (운항기타) | C44: =SUM(C39:C43) -> 7148774749 | G44: =SUM(G39:G43) -> 1.2921944e+10
B45: └ 유가 상승으로 늘어난 몫 | G45: =대조선박_손익!$G$44-C44*대조선박_손익!$C$13 -> 4.3089622e+09
B46: 3. 손익계산서 — 대조 선박 (단일연도)
B47: 과 목 | C47: 금액 | D47: 구성비 | E47: 매출 대비 | J47: 산출 근거
B48: Ⅰ. 매출액 | C48: =SUM(C49:C51) -> 23000277600 | E48: =IFERROR(C48/C$48,0) -> 1
B49: 여객수입 | C49: =대조선박_손익!$C$25*대조선박_손익!$C$23 -> 21816000000 | D49: =IFERROR(C49/C$48,0) -> 0.94851029 | E49: =IFERROR(C49/C$48,0) -> 0.94851029 | J49: 연간 승객수 × 실현 단가
B50: 화물수입 (+α) | C50: =대조선박_손익!$C$30 -> 1184277600 | D50: =IFERROR(C50/C$48,0) -> 0.051489709 | E50: =IFERROR(C50/C$48,0) -> 0.051489709 | J50: 케이스 × 선적율 × 항차 · +α = 운임 미산정 항목(캐러밴·일반화물 등)의 이익 여분
B51: 임대료수입 | C51: =대조선박_손익!$C$31 -> 0 | D51: =IFERROR(C51/C$48,0) -> 0 | E51: =IFERROR(C51/C$48,0) -> 0 | J51: 산타모니카호는 제외
B52: Ⅱ. 운항원가 (−) | C52: =SUM(C53:C59) -> 1.4670746e+10 | E52: =IFERROR(C52/C$48,0) -> 0.63785082
B53: 급여 (해상직원) | C53: =손익계산서_원본!$D$12*대조선박_손익!$C$11 -> 1253988000 | D53: =IFERROR(C53/C$52,0) -> 0.085475409 | E53: =IFERROR(C53/C$48,0) -> 0.054520559 | J53: 감사보고서 주석15 × hR
B54: 퇴직급여 (해상직원) | C54: =손익계산서_원본!$D$13*대조선박_손익!$C$11 -> 148252000 | D54: =IFERROR(C54/C$52,0) -> 0.01010528 | E54: =IFERROR(C54/C$48,0) -> 0.0064456613 | J54: × hR
B55: 복리후생비 (해상직원) | C55: =손익계산서_원본!$D$14*대조선박_손익!$C$11 -> 267351000 | D55: =IFERROR(C55/C$52,0) -> 0.018223409 | E55: =IFERROR(C55/C$48,0) -> 0.011623816 | J55: × hR
B56: 감가상각비 | C56: =대조선박_손익!$C$33 -> 0 | D56: =IFERROR(C56/C$52,0) -> 0 | E56: =IFERROR(C56/C$48,0) -> 0 | J56: 선가 정액법
B57: 세금과공과 | C57: =손익계산서_원본!$D$16 -> 48282000 | D57: =IFERROR(C57/C$52,0) -> 0.0032910392 | E57: =IFERROR(C57/C$48,0) -> 0.0020991921 | J57: 감사보고서 그대로
B58: 임차료 | C58: =손익계산서_원본!$D$17 -> 30929000 | D58: =IFERROR(C58/C$52,0) -> 0.0021082091 | E58: =IFERROR(C58/C$48,0) -> 0.0013447229 | J58: 감사보고서 그대로
B59: 운항기타 (항비·연료비·잡비) | C59: =대조선박_손익!$G$44 -> 1.2921944e+10 | D59: =IFERROR(C59/C$52,0) -> 0.88079665 | E59: =IFERROR(C59/C$48,0) -> 0.56181686 | J59: 세목 × 항차비율 (연료비 × 증가 배율)
B60: · 연료비 | C60: =대조선박_손익!$G$39 -> 1.1496495e+10 | D60: =IFERROR(C60/C$52,0) -> 0.78363401 | E60: =IFERROR(C60/C$48,0) -> 0.49984159 | J60: [세목 — 운항기타에 포함, 중복 합산 아님]
B61: · 항비 | C61: =대조선박_손익!$G$40 -> 9.6034745e+08 | D61: =IFERROR(C61/C$52,0) -> 0.065460029 | E61: =IFERROR(C61/C$48,0) -> 0.041753733 | J61: [세목 — 운항기타에 포함, 중복 합산 아님]
B62: · 보험료 | C62: =대조선박_손익!$G$41 -> 4.4184596e+08 | D62: =IFERROR(C62/C$52,0) -> 0.030117484 | E62: =IFERROR(C62/C$48,0) -> 0.019210462 | J62: [세목 — 운항기타에 포함, 중복 합산 아님]
B63: · 수리비 | C63: =대조선박_손익!$G$42 -> 0 | D63: =IFERROR(C63/C$52,0) -> 0 | E63: =IFERROR(C63/C$48,0) -> 0 | J63: [세목 — 운항기타에 포함, 중복 합산 아님]
B64: · 선용품비 | C64: =대조선박_손익!$G$43 -> 23255050 | D64: =IFERROR(C64/C$52,0) -> 0.0015851308 | E64: =IFERROR(C64/C$48,0) -> 0.0010110769 | J64: [세목 — 운항기타에 포함, 중복 합산 아님]
B65: Ⅲ. 매출총이익 | C65: =C48-C52 -> 8.3295317e+09 | E65: =IFERROR(C65/C$48,0) -> 0.36214918
B66: Ⅳ. 판매비와관리비 | C66: =SUM(C67:C72) -> 3.1210125e+09 | D66: =IFERROR(C66/C$66,0) -> 1 | E66: =IFERROR(C66/C$48,0) -> 0.13569456
B67: 직원급여 (육상직원) | C67: =손익계산서_원본!$D$26*대조선박_손익!$C$12 -> 1822878650 | D67: =IFERROR(C67/C$66,0) -> 0.58406643 | E67: =IFERROR(C67/C$48,0) -> 0.079254637 | J67: × sR
B68: 퇴직급여 (육상직원) | C68: =손익계산서_원본!$D$27*대조선박_손익!$C$12 -> 152420193 | D68: =IFERROR(C68/C$66,0) -> 0.048836777 | E68: =IFERROR(C68/C$48,0) -> 0.0066268849 | J68: × sR
B69: 복리후생비 (육상직원) | C69: =손익계산서_원본!$D$28*대조선박_손익!$C$12 -> 147553407 | D69: =IFERROR(C69/C$66,0) -> 0.047277416 | E69: =IFERROR(C69/C$48,0) -> 0.0064152881 | J69: × sR
B70: 세금과공과 | C70: =손익계산서_원본!$D$33 -> 62971500 | D70: =IFERROR(C70/C$66,0) -> 0.020176625 | E70: =IFERROR(C70/C$48,0) -> 0.0027378583 | J70: 감사보고서 그대로
B71: 지급수수료 | C71: =손익계산서_원본!$D$42*대조선박_손익!$C$36 -> 6.825102e+08 | D71: =IFERROR(C71/C$66,0) -> 0.2186823 | E71: =IFERROR(C71/C$48,0) -> 0.029673998 | J71: × 지급수수료 배율 (성격 = 변동이면 승객 연동)
B72: 그 외 (14과목) | C72: =SUM(C73:C86) -> 252678561 | D72: =IFERROR(C72/C$66,0) -> 0.080960445 | E72: =IFERROR(C72/C$48,0) -> 0.010985892 | J72: 세금과공과·지급수수료 제외 — 감사보고서 그대로
B73: · 여비교통비 | C73: =손익계산서_원본!$D$29 -> 9246562 | D73: =IFERROR(C73/C$66,0) -> 0.0029626802 | E73: =IFERROR(C73/C$48,0) -> 0.00040201958
B74: · 접대비 | C74: =손익계산서_원본!$D$30 -> 8802000 | D74: =IFERROR(C74/C$66,0) -> 0.0028202386 | E74: =IFERROR(C74/C$48,0) -> 0.00038269103
B75: · 통신비 | C75: =손익계산서_원본!$D$31 -> 9364469 | D75: =IFERROR(C75/C$66,0) -> 0.0030004587 | E75: =IFERROR(C75/C$48,0) -> 0.00040714591
B76: · 수도광열비 | C76: =손익계산서_원본!$D$32 -> 16446116 | D76: =IFERROR(C76/C$66,0) -> 0.005269481 | E76: =IFERROR(C76/C$48,0) -> 0.00071503989
B77: · 지급임차료 | C77: =손익계산서_원본!$D$34 -> 74136257 | D77: =IFERROR(C77/C$66,0) -> 0.023753912 | E77: =IFERROR(C77/C$48,0) -> 0.0032232766
B78: · 수선비 | C78: =손익계산서_원본!$D$35 -> 0 | D78: =IFERROR(C78/C$66,0) -> 0 | E78: =IFERROR(C78/C$48,0) -> 0
B79: · 보험료 | C79: =손익계산서_원본!$D$36 -> 7359767 | D79: =IFERROR(C79/C$66,0) -> 0.0023581344 | E79: =IFERROR(C79/C$48,0) -> 0.00031998601
B80: · 차량유지비 | C80: =손익계산서_원본!$D$37 -> 509000 | D80: =IFERROR(C80/C$66,0) -> 0.0001630881 | E80: =IFERROR(C80/C$48,0) -> 2.2130168e-05
B81: · 운반비 | C81: =손익계산서_원본!$D$38 -> 513850 | D81: =IFERROR(C81/C$66,0) -> 0.00016464208 | E81: =IFERROR(C81/C$48,0) -> 2.2341035e-05
B82: · 교육훈련비 | C82: =손익계산서_원본!$D$39 -> 1199818 | D82: =IFERROR(C82/C$66,0) -> 0.00038443229 | E82: =IFERROR(C82/C$48,0) -> 5.216537e-05
B83: · 도서인쇄비 | C83: =손익계산서_원본!$D$40 -> 8368000 | D83: =IFERROR(C83/C$66,0) -> 0.0026811812 | E83: =IFERROR(C83/C$48,0) -> 0.0003638217
B84: · 소모품비 | C84: =손익계산서_원본!$D$41 -> 9759123 | D84: =IFERROR(C84/C$66,0) -> 0.0031269093 | E84: =IFERROR(C84/C$48,0) -> 0.00042430457
B85: · 광고선전비 | C85: =손익계산서_원본!$D$43 -> 106973599 | D85: =IFERROR(C85/C$66,0) -> 0.034275287 | E85: =IFERROR(C85/C$48,0) -> 0.0046509699
B86: · 잡비 | C86: =손익계산서_원본!$D$44 -> 0 | D86: =IFERROR(C86/C$66,0) -> 0 | E86: =IFERROR(C86/C$48,0) -> 0
B87: Ⅴ. 영업이익(손실) | C87: =C65-C66 -> 5.2085192e+09 | E87: =IFERROR(C87/C$48,0) -> 0.22645462
B88: EBITDA (영업이익 + 감가상각비) | C88: =C87+C56 -> 5.2085192e+09 | E88: =IFERROR(C88/C$48,0) -> 0.22645462 | J88: [보완]
B89: Ⅵ. 영업외비용 (−) | C89: =C90 -> 7e+08 | E89: =IFERROR(C89/C$48,0) -> 0.030434415
B90: 이자비용 | C90: =IF(AND(차입금_상환!$C$6>0,차입금_상환!$C$7>0),차입금_상환!$C$13,0) -> 7e+08 | D90: =IFERROR(C90/C$89,0) -> 1 | E90: =IFERROR(C90/C$48,0) -> 0.030434415 | J90: 차입금 × 이자율 (첫해) — 10개년 표에서는 "선체이자"로 운항원가에 들어간다
B91: Ⅶ. 법인세차감전순이익(손실) | C91: =C87-C89 -> 4.5085192e+09 | E91: =IFERROR(C91/C$48,0) -> 0.19602021
B92: 〔수지〕 현금 기준 | J92: [보완] 여기부터 손익이 아니라 수지
B93: (+) 감가상각비 되더하기 | C93: =C56 -> 0 | E93: =IFERROR(C93/C$48,0) -> 0
B94: (−) 차입금 원금상환 | C94: =-차입금_상환!$C$14 -> -1.6666667e+09 | E94: =IFERROR(C94/C$48,0) -> -0.072462894 | J94: 첫해 원금 — 비용은 아니지만 통장에서 빠진다
B95: ＝ 순현금흐름 | C95: =C91+C93+C94 -> 2.8418526e+09 | E95: =IFERROR(C95/C$48,0) -> 0.12355732
B97: 영업이익률 | C97: =IFERROR(C87/C48,0) -> 0.22645462
B98: EBITDA 마진 | C98: =IFERROR(C88/C48,0) -> 0.22645462
B99: 4. 차입금 원리금과 상환여력 (DSCR)
B100: 항목 | C100: 값 | J100: 비고
B101: 조건 | C101: =TEXT(차입금_상환!$C$6/100000000,"#,##0")&"억 · "&TEXT(차입금_상환!$C$7,"0.0%")&" · "&차입금_상환!$C$8&"년 · "&차입금_상환!$C$10&IF(차입금_상환!$C$9>0," · 거치 "&차입금_상환!$C$9&"년","") -> 200억 · 3.5% · 15년 · 원금균등 · 거치 3년
B102: 첫해 원리금 | C102: =차입금_상환!$C$15 -> 2.3666667e+09 | J102: 원금 + 이자
...

Sheet 차입금_상환
B1: 차입금 상환 스케줄 — 대조 선박
B2: 이자비용은 손익계산서 항목, 원금 상환은 현금유출. 10개년 예상의 "선체이자"는 이 표의 연도별 이자를 그대로 쓴다. 단위: 원
B4: 1. 차입 조건 · 첫해 원리금 ( debtService)
B5: 항목 | C5: 값 | I5: 산식
B6: 차입금 (원) | C6: =MAX(0,N(설정값!$D$53))*1000000 -> 20000000000 | I6: 설정값(백만원) × 1,000,000
B7: 이자율 | C7: =IF(설정값!$D$104="O",0.0156,N(설정값!$D$54)) -> 0.035 | I7: 설정값 D54. 단, E 섹션 "엔화대출 1.56% 적용"이 O 면 1.56% 로 고정
B8: 상환기간 (년) | C8: =MAX(1,N(설정값!$D$55)) -> 15
B9: 거치기간 (년) | C9: =MAX(0,N(설정값!$D$56)) -> 3
B10: 상환방식 | C10: =설정값!$D$57 -> 원금균등
B11: 원금 상환 햇수 | C11: =MAX(1,차입금_상환!$C$8-차입금_상환!$C$9) -> 12 | I11: 상환기간 − 거치기간
B12: 원리금균등 연 상환액 (PMT) | C12: =IF(차입금_상환!$C$7=0,차입금_상환!$C$6/차입금_상환!$C$11,차입금_상환!$C$6*차입금_상환!$C$7/(1-(1+차입금_상환!$C$7)^(-차입금_상환!$C$11))) -> 2.069679e+09 | I12: P·r / (1 − (1+r)^−n)
B13: 첫해 이자 | C13: =차입금_상환!$C$6*차입금_상환!$C$7 -> 7e+08 | I13: 손익계산서(단일연도) 영업외비용 이자비용
B14: 첫해 원금상환 | C14: =IF(차입금_상환!$C$6<=0,0,IF(차입금_상환!$C$10="원리금균등",차입금_상환!$C$12-차입금_상환!$C$13,IF(차입금_상환!$C$10="원금균등",차입금_상환!$C$6/차입금_상환!$C$11,0))) -> 1.6666667e+09 | I14: 규칙: 원리금균등은 PMT − 이자 (거치 중에도 동일 적용) · 원금균등 P/n · 만기일시 0
B15: 첫해 원리금 | C15: =차입금_상환!$C$13+차입금_상환!$C$14 -> 2.3666667e+09
B16: 총 상환액 | C16: =IF(차입금_상환!$C$6<=0,0,IF(차입금_상환!$C$10="원리금균등",차입금_상환!$C$12*차입금_상환!$C$11,IF(차입금_상환!$C$10="원금균등",차입금_상환!$C$6+차입금_상환!$C$7*차입금_상환!$C$6*(차입금_상환!$C$11+1)/2,차입금_상환!$C$13*차입금_상환!$C$8+차입금_상환!$C$6))) -> 24550000000
B17: 총 이자 | C17: =차입금_상환!$C$16-차입금_상환!$C$6 -> 4550000000
B18: 2. 연도별 상환 스케줄 ( interestSeries)
B19: 연차 | C19: 10개년 표 열 | D19: 기초 잔액 | E19: 이자 | F19: 원금 상환 | G19: 원리금 | H19: 기말 잔액 | I19: 비고
B20: 1 | C20: y+0 | D20: =차입금_상환!$C$6 -> 20000000000 | E20: =IF(OR(D20<=0.000001,차입금_상환!$C$7<=0),0,D20*차입금_상환!$C$7) -> 7e+08 | F20: =IF(D20<=0.000001,0,IF(B20<=차입금_상환!$C$9,0,IF(차입금_상환!$C$10="원리금균등",MIN(D20,MAX(0,차입금_상환!$C$12-E20)),IF(차입금_상환!$C$10="원금균등",MIN(D20,차입금_상환!$C$6/차입금_상환!$C$11),IF(B20=차입금_상환!$C$8,D20,0))))) -> 0 | G20: =E20+F20 -> 7e+08 | H20: =MAX(0,D20-F20) -> 20000000000
B21: 2 | C21: y+1 | D21: =H20 -> 20000000000 | E21: =IF(OR(D21<=0.000001,차입금_상환!$C$7<=0),0,D21*차입금_상환!$C$7) -> 7e+08 | F21: =IF(D21<=0.000001,0,IF(B21<=차입금_상환!$C$9,0,IF(차입금_상환!$C$10="원리금균등",MIN(D21,MAX(0,차입금_상환!$C$12-E21)),IF(차입금_상환!$C$10="원금균등",MIN(D21,차입금_상환!$C$6/차입금_상환!$C$11),IF(B21=차입금_상환!$C$8,D21,0))))) -> 0 | G21: =E21+F21 -> 7e+08 | H21: =MAX(0,D21-F21) -> 20000000000
B22: 3 | C22: y+2 | D22: =H21 -> 20000000000 | E22: =IF(OR(D22<=0.000001,차입금_상환!$C$7<=0),0,D22*차입금_상환!$C$7) -> 7e+08 | F22: =IF(D22<=0.000001,0,IF(B22<=차입금_상환!$C$9,0,IF(차입금_상환!$C$10="원리금균등",MIN(D22,MAX(0,차입금_상환!$C$12-E22)),IF(차입금_상환!$C$10="원금균등",MIN(D22,차입금_상환!$C$6/차입금_상환!$C$11),IF(B22=차입금_상환!$C$8,D22,0))))) -> 0 | G22: =E22+F22 -> 7e+08 | H22: =MAX(0,D22-F22) -> 20000000000
B23: 4 | C23: y+3 | D23: =H22 -> 20000000000 | E23: =IF(OR(D23<=0.000001,차입금_상환!$C$7<=0),0,D23*차입금_상환!$C$7) -> 7e+08 | F23: =IF(D23<=0.000001,0,IF(B23<=차입금_상환!$C$9,0,IF(차입금_상환!$C$10="원리금균등",MIN(D23,MAX(0,차입금_상환!$C$12-E23)),IF(차입금_상환!$C$10="원금균등",MIN(D23,차입금_상환!$C$6/차입금_상환!$C$11),IF(B23=차입금_상환!$C$8,D23,0))))) -> 1.6666667e+09 | G23: =E23+F23 -> 2.3666667e+09 | H23: =MAX(0,D23-F23) -> 1.8333333e+10
B24: 5 | C24: y+4 | D24: =H23 -> 1.8333333e+10 | E24: =IF(OR(D24<=0.000001,차입금_상환!$C$7<=0),0,D24*차입금_상환!$C$7) -> 6.4166667e+08 | F24: =IF(D24<=0.000001,0,IF(B24<=차입금_상환!$C$9,0,IF(차입금_상환!$C$10="원리금균등",MIN(D24,MAX(0,차입금_상환!$C$12-E24)),IF(차입금_상환!$C$10="원금균등",MIN(D24,차입금_상환!$C$6/차입금_상환!$C$11),IF(B24=차입금_상환!$C$8,D24,0))))) -> 1.6666667e+09 | G24: =E24+F24 -> 2.3083333e+09 | H24: =MAX(0,D24-F24) -> 1.6666667e+10
B25: 6 | C25: y+5 | D25: =H24 -> 1.6666667e+10 | E25: =IF(OR(D25<=0.000001,차입금_상환!$C$7<=0),0,D25*차입금_상환!$C$7) -> 5.8333333e+08 | F25: =IF(D25<=0.000001,0,IF(B25<=차입금_상환!$C$9,0,IF(차입금_상환!$C$10="원리금균등",MIN(D25,MAX(0,차입금_상환!$C$12-E25)),IF(차입금_상환!$C$10="원금균등",MIN(D25,차입금_상환!$C$6/차입금_상환!$C$11),IF(B25=차입금_상환!$C$8,D25,0))))) -> 1.6666667e+09 | G25: =E25+F25 -> 2250000000 | H25: =MAX(0,D25-F25) -> 15000000000
B26: 7 | C26: y+6 | D26: =H25 -> 15000000000 | E26: =IF(OR(D26<=0.000001,차입금_상환!$C$7<=0),0,D26*차입금_상환!$C$7) -> 5.25e+08 | F26: =IF(D26<=0.000001,0,IF(B26<=차입금_상환!$C$9,0,IF(차입금_상환!$C$10="원리금균등",MIN(D26,MAX(0,차입금_상환!$C$12-E26)),IF(차입금_상환!$C$10="원금균등",MIN(D26,차입금_상환!$C$6/차입금_상환!$C$11),IF(B26=차입금_상환!$C$8,D26,0))))) -> 1.6666667e+09 | G26: =E26+F26 -> 2.1916667e+09 | H26: =MAX(0,D26-F26) -> 1.3333333e+10
B27: 8 | C27: y+7 | D27: =H26 -> 1.3333333e+10 | E27: =IF(OR(D27<=0.000001,차입금_상환!$C$7<=0),0,D27*차입금_상환!$C$7) -> 4.6666667e+08 | F27: =IF(D27<=0.000001,0,IF(B27<=차입금_상환!$C$9,0,IF(차입금_상환!$C$10="원리금균등",MIN(D27,MAX(0,차입금_상환!$C$12-E27)),IF(차입금_상환!$C$10="원금균등",MIN(D27,차입금_상환!$C$6/차입금_상환!$C$11),IF(B27=차입금_상환!$C$8,D27,0))))) -> 1.6666667e+09 | G27: =E27+F27 -> 2.1333333e+09 | H27: =MAX(0,D27-F27) -> 1.1666667e+10
B28: 9 | C28: y+8 | D28: =H27 -> 1.1666667e+10 | E28: =IF(OR(D28<=0.000001,차입금_상환!$C$7<=0),0,D28*차입금_상환!$C$7) -> 4.0833333e+08 | F28: =IF(D28<=0.000001,0,IF(B28<=차입금_상환!$C$9,0,IF(차입금_상환!$C$10="원리금균등",MIN(D28,MAX(0,차입금_상환!$C$12-E28)),IF(차입금_상환!$C$10="원금균등",MIN(D28,차입금_상환!$C$6/차입금_상환!$C$11),IF(B28=차입금_상환!$C$8,D28,0))))) -> 1.6666667e+09 | G28: =E28+F28 -> 2.075e+09 | H28: =MAX(0,D28-F28) -> 1e+10
B29: 10 | C29: y+9 | D29: =H28 -> 1e+10 | E29: =IF(OR(D29<=0.000001,차입금_상환!$C$7<=0),0,D29*차입금_상환!$C$7) -> 3.5e+08 | F29: =IF(D29<=0.000001,0,IF(B29<=차입금_상환!$C$9,0,IF(차입금_상환!$C$10="원리금균등",MIN(D29,MAX(0,차입금_상환!$C$12-E29)),IF(차입금_상환!$C$10="원금균등",MIN(D29,차입금_상환!$C$6/차입금_상환!$C$11),IF(B29=차입금_상환!$C$8,D29,0))))) -> 1.6666667e+09 | G29: =E29+F29 -> 2.0166667e+09 | H29: =MAX(0,D29-F29) -> 8.3333333e+09
B30: 11 | C30: y+10 | D30: =H29 -> 8.3333333e+09 | E30: =IF(OR(D30<=0.000001,차입금_상환!$C$7<=0),0,D30*차입금_상환!$C$7) -> 2.9166667e+08 | F30: =IF(D30<=0.000001,0,IF(B30<=차입금_상환!$C$9,0,IF(차입금_상환!$C$10="원리금균등",MIN(D30,MAX(0,차입금_상환!$C$12-E30)),IF(차입금_상환!$C$10="원금균등",MIN(D30,차입금_상환!$C$6/차입금_상환!$C$11),IF(B30=차입금_상환!$C$8,D30,0))))) -> 1.6666667e+09 | G30: =E30+F30 -> 1.9583333e+09 | H30: =MAX(0,D30-F30) -> 6.6666667e+09
B31: 12 | D31: =H30 -> 6.6666667e+09 | E31: =IF(OR(D31<=0.000001,차입금_상환!$C$7<=0),0,D31*차입금_상환!$C$7) -> 2.3333333e+08 | F31: =IF(D31<=0.000001,0,IF(B31<=차입금_상환!$C$9,0,IF(차입금_상환!$C$10="원리금균등",MIN(D31,MAX(0,차입금_상환!$C$12-E31)),IF(차입금_상환!$C$10="원금균등",MIN(D31,차입금_상환!$C$6/차입금_상환!$C$11),IF(B31=차입금_상환!$C$8,D31,0))))) -> 1.6666667e+09 | G31: =E31+F31 -> 1.9e+09 | H31: =MAX(0,D31-F31) -> 5e+09
B32: 13 | D32: =H31 -> 5e+09 | E32: =IF(OR(D32<=0.000001,차입금_상환!$C$7<=0),0,D32*차입금_상환!$C$7) -> 1.75e+08 | F32: =IF(D32<=0.000001,0,IF(B32<=차입금_상환!$C$9,0,IF(차입금_상환!$C$10="원리금균등",MIN(D32,MAX(0,차입금_상환!$C$12-E32)),IF(차입금_상환!$C$10="원금균등",MIN(D32,차입금_상환!$C$6/차입금_상환!$C$11),IF(B32=차입금_상환!$C$8,D32,0))))) -> 1.6666667e+09 | G32: =E32+F32 -> 1.8416667e+09 | H32: =MAX(0,D32-F32) -> 3.3333333e+09
B33: 14 | D33: =H32 -> 3.3333333e+09 | E33: =IF(OR(D33<=0.000001,차입금_상환!$C$7<=0),0,D33*차입금_상환!$C$7) -> 1.1666667e+08 | F33: =IF(D33<=0.000001,0,IF(B33<=차입금_상환!$C$9,0,IF(차입금_상환!$C$10="원리금균등",MIN(D33,MAX(0,차입금_상환!$C$12-E33)),IF(차입금_상환!$C$10="원금균등",MIN(D33,차입금_상환!$C$6/차입금_상환!$C$11),IF(B33=차입금_상환!$C$8,D33,0))))) -> 1.6666667e+09 | G33: =E33+F33 -> 1.7833333e+09 | H33: =MAX(0,D33-F33) -> 1.6666667e+09
B34: 15 | D34: =H33 -> 1.6666667e+09 | E34: =IF(OR(D34<=0.000001,차입금_상환!$C$7<=0),0,D34*차입금_상환!$C$7) -> 58333333 | F34: =IF(D34<=0.000001,0,IF(B34<=차입금_상환!$C$9,0,IF(차입금_상환!$C$10="원리금균등",MIN(D34,MAX(0,차입금_상환!$C$12-E34)),IF(차입금_상환!$C$10="원금균등",MIN(D34,차입금_상환!$C$6/차입금_상환!$C$11),IF(B34=차입금_상환!$C$8,D34,0))))) -> 1.6666667e+09 | G34: =E34+F34 -> 1725000000 | H34: =MAX(0,D34-F34) -> 4.7683716e-07
B35: 합계 | E35: =SUM(E20:E34) -> 6.65e+09 | F35: =SUM(F20:F34) -> 20000000000 | G35: =SUM(G20:G34) -> 26650000000
B36: 거치기간에는 이자만, 이후 남은 해에 걸쳐 원금 상환. 만기일시는 만기 연도에 잔액 일시 상환. 이자율 0이면 이자 0.

Sheet 10개년_예상
B1: 10개년 예상 손익계산서 — 대조 선박 (단위: 백만원)
B4: 과 목 | C4: 성장률 | D4: 58기 | E4: 59기 | F4: 60기 | G4: 61기 | H4: 62기 | I4: 63기 | J4: 64기 | K4: 65기 | L4: 66기 | M4: 67기 | N4: 68기 | O4: y+1~y+10 평균 | P4: 근거
B5: n (경과 연수) | D5: 0 | E5: 1 | F5: 2 | G5: 3 | H5: 4 | I5: 5 | J5: 6 | K5: 7 | L5: 8 | M5: 9 | N5: 10
B6: 회계연도 | D6: 2025 | E6: 2026 | F6: 2027 | G6: 2028 | H6: 2029 | I6: 2030 | J6: 2031 | K6: 2032 | L6: 2033 | M6: 2034 | N6: 2035
B7: Ⅰ. 매출액 | D7: =D8++D9++D10++D11 -> 23000.278 | E7: =E8++E9++E10++E11 -> 23610.627 | F7: =F8++F9++F10++F11 -> 24237.263 | G7: =G8++G9++G10++G11 -> 24880.624 | H7: =H8++H9++H10++H11 -> 25541.156 | I7: =I8++I9++I10++I11 -> 26219.32 | J7: =J8++J9++J10++J11 -> 26915.589 | K7: =K8++K9++K10++K11 -> 27630.447 | ... N7: =N8++N9++N10++N11 -> 29891.608 | O7: =AVERAGE(E7:N7) -> 26640.896
B8: 여객수입 | C8: =설정값!$D$70 -> 0.027 | D8: =대조선박_손익!$C$49/1000000 -> 21816 | E8: =$D8*(1+$C8)^E$5 -> 22405.032 | F8: =$D8*(1+$C8)^F$5 -> 23009.968 | G8: =$D8*(1+$C8)^G$5 -> 23631.237 | H8: =$D8*(1+$C8)^H$5 -> 24269.28 | I8: =$D8*(1+$C8)^I$5 -> 24924.551 | J8: =$D8*(1+$C8)^J$5 -> 25597.514 | K8: =$D8*(1+$C8)^K$5 -> 26288.647 | L8: =$D8*(1+$C8)^L$5 -> 26998.44 | ... N8: =$D8*(1+$C8)^N$5 -> 28476.038 | O8: =AVERAGE(E8:N8) -> 25332.81
B9: 화물수입 (+α) | C9: =설정값!$D$71 -> 0.018 | D9: =대조선박_손익!$C$50/1000000 -> 1184.2776 | E9: =$D9*(1+$C9)^E$5 -> 1205.5946 | F9: =$D9*(1+$C9)^F$5 -> 1227.2953 | G9: =$D9*(1+$C9)^G$5 -> 1249.3866 | H9: =$D9*(1+$C9)^H$5 -> 1271.8756 | I9: =$D9*(1+$C9)^I$5 -> 1294.7693 | J9: =$D9*(1+$C9)^J$5 -> 1318.0752 | K9: =$D9*(1+$C9)^K$5 -> 1341.8005 | L9: =$D9*(1+$C9)^L$5 -> 1365.9529 | ... N9: =$D9*(1+$C9)^N$5 -> 1415.5698 | O9: =AVERAGE(E9:N9) -> 1308.086 | P9: +α: 운임 미산정 항목(캐러밴·일반화물)의 이익 여분
B10: 임대료수입 | C10: =설정값!$D$72 -> 0 | D10: =대조선박_손익!$C$51/1000000 -> 0 | E10: =$D10*(1+$C10)^E$5 -> 0 | F10: =$D10*(1+$C10)^F$5 -> 0 | G10: =$D10*(1+$C10)^G$5 -> 0 | H10: =$D10*(1+$C10)^H$5 -> 0 | I10: =$D10*(1+$C10)^I$5 -> 0 | J10: =$D10*(1+$C10)^J$5 -> 0 | K10: =$D10*(1+$C10)^K$5 -> 0 | L10: =$D10*(1+$C10)^L$5 -> 0 | ... N10: =$D10*(1+$C10)^N$5 -> 0 | O10: =AVERAGE(E10:N10) -> 0
B11: 면세수입 (감안) | D11: 0 | E11: 0 | F11: 0 | G11: 0 | H11: 0 | I11: 0 | J11: 0 | K11: 0 | L11: 0 | M11: 0 | N11: 0 | O11: =AVERAGE(E11:N11) -> 0 | P11: 대저페리는 내항선이라 현재 없음 — 외항선이면 면세품 판매 수입 기대. 잠재 매출로 감안 (미반영)
B12: Ⅱ. 운항원가 (−) | D12: =D13++D14++D15++D16++D17++D18++D19++D25 -> 16070.746 | E12: =E13++E14++E15++E16++E17++E18++E19++E25 -> 16145.008 | F12: =F13++F14++F15++F16++F17++F18++F19++F25 -> 16230.242 | G12: =G13++G14++G15++G16++G17++G18++G19++G25 -> 16327.127 | H12: =H13++H14++H15++H16++H17++H18++H19++H25 -> 16378.064 | I12: =I13++I14++I15++I16++I17++I18++I19++I25 -> 16442.182 | J12: =J13++J14++J15++J16++J17++J18++J19++J25 -> 16520.337 | K12: =K13++K14++K15++K16++K17++K18++K19++K25 -> 16613.46 | ... N12: =N13++N14++N15++N16++N17++N18++N19++N25 -> 16993.133 | O12: =AVERAGE(E12:N12) -> 16522.083
B13: 급여 (해상직원) | C13: =설정값!$D$73 -> 0.0271 | D13: =대조선박_손익!$C$53/1000000 -> 1253.988 | E13: =$D13*(1+$C13)^E$5 -> 1287.9711 | F13: =$D13*(1+$C13)^F$5 -> 1322.8751 | G13: =$D13*(1+$C13)^G$5 -> 1358.725 | H13: =$D13*(1+$C13)^H$5 -> 1395.5465 | I13: =$D13*(1+$C13)^I$5 -> 1433.3658 | J13: =$D13*(1+$C13)^J$5 -> 1472.21 | K13: =$D13*(1+$C13)^K$5 -> 1512.1069 | L13: =$D13*(1+$C13)^L$5 -> 1553.085 | ... N13: =$D13*(1+$C13)^N$5 -> 1638.4028 | O13: =AVERAGE(E13:N13) -> 1456.9462
B14: 퇴직급여 (해상직원) | C14: =설정값!$D$74 -> 0.0271 | D14: =대조선박_손익!$C$54/1000000 -> 148.252 | E14: =$D14*(1+$C14)^E$5 -> 152.26963 | F14: =$D14*(1+$C14)^F$5 -> 156.39614 | G14: =$D14*(1+$C14)^G$5 -> 160.63447 | H14: =$D14*(1+$C14)^H$5 -> 164.98767 | I14: =$D14*(1+$C14)^I$5 -> 169.45883 | J14: =$D14*(1+$C14)^J$5 -> 174.05117 | K14: =$D14*(1+$C14)^K$5 -> 178.76795 | L14: =$D14*(1+$C14)^L$5 -> 183.61256 | ... N14: =$D14*(1+$C14)^N$5 -> 193.69921 | O14: =AVERAGE(E14:N14) -> 172.24661
B15: 복리후생비 (해상직원) | C15: =설정값!$D$75 -> 0.024 | D15: =대조선박_손익!$C$55/1000000 -> 267.351 | E15: =$D15*(1+$C15)^E$5 -> 273.76742 | F15: =$D15*(1+$C15)^F$5 -> 280.33784 | G15: =$D15*(1+$C15)^G$5 -> 287.06595 | H15: =$D15*(1+$C15)^H$5 -> 293.95553 | I15: =$D15*(1+$C15)^I$5 -> 301.01047 | J15: =$D15*(1+$C15)^J$5 -> 308.23472 | K15: =$D15*(1+$C15)^K$5 -> 315.63235 | L15: =$D15*(1+$C15)^L$5 -> 323.20753 | ... N15: =$D15*(1+$C15)^N$5 -> 338.90766 | O15: =AVERAGE(E15:N15) -> 305.3084
B16: 감가상각비 | C16: =설정값!$D$76 -> 0 | D16: =대조선박_손익!$C$56/1000000 -> 0 | E16: =$D16*(1+$C16)^E$5 -> 0 | F16: =$D16*(1+$C16)^F$5 -> 0 | G16: =$D16*(1+$C16)^G$5 -> 0 | H16: =$D16*(1+$C16)^H$5 -> 0 | I16: =$D16*(1+$C16)^I$5 -> 0 | J16: =$D16*(1+$C16)^J$5 -> 0 | K16: =$D16*(1+$C16)^K$5 -> 0 | L16: =$D16*(1+$C16)^L$5 -> 0 | ... N16: =$D16*(1+$C16)^N$5 -> 0 | O16: =AVERAGE(E16:N16) -> 0
B17: 세금과공과 | C17: =설정값!$D$77 -> 0.0292 | D17: =대조선박_손익!$C$57/1000000 -> 48.282 | E17: =$D17*(1+$C17)^E$5 -> 49.691834 | F17: =$D17*(1+$C17)^F$5 -> 51.142836 | G17: =$D17*(1+$C17)^G$5 -> 52.636207 | H17: =$D17*(1+$C17)^H$5 -> 54.173184 | I17: =$D17*(1+$C17)^I$5 -> 55.755041 | J17: =$D17*(1+$C17)^J$5 -> 57.383088 | K17: =$D17*(1+$C17)^K$5 -> 59.058674 | L17: =$D17*(1+$C17)^L$5 -> 60.783188 | ... N17: =$D17*(1+$C17)^N$5 -> 64.384752 | O17: =AVERAGE(E17:N17) -> 56.756686
B18: 임차료 | C18: =설정값!$D$78 -> 0 | D18: =대조선박_손익!$C$58/1000000 -> 30.929 | E18: =$D18*(1+$C18)^E$5 -> 30.929 | F18: =$D18*(1+$C18)^F$5 -> 30.929 | G18: =$D18*(1+$C18)^G$5 -> 30.929 | H18: =$D18*(1+$C18)^H$5 -> 30.929 | I18: =$D18*(1+$C18)^I$5 -> 30.929 | J18: =$D18*(1+$C18)^J$5 -> 30.929 | K18: =$D18*(1+$C18)^K$5 -> 30.929 | L18: =$D18*(1+$C18)^L$5 -> 30.929 | ... N18: =$D18*(1+$C18)^N$5 -> 30.929 | O18: =AVERAGE(E18:N18) -> 30.929
B19: 운항기타 | D19: =D20++D21++D22++D23++D24 -> 13621.944 | E19: =E20++E21++E22++E23++E24 -> 13650.379 | F19: =F20++F21++F22++F23++F24 -> 13688.561 | G19: =G20++G21++G22++G23++G24 -> 13737.136 | H19: =H20++H21++H22++H23++H24 -> 13796.806 | I19: =I20++I21++I22++I23++I24 -> 13868.329 | J19: =J20++J21++J22++J23++J24 -> 13952.529 | K19: =K20++K21++K22++K23++K24 -> 14050.298 | ... N19: =N20++N21++N22++N23++N24 -> 14435.143 | O19: =AVERAGE(E19:N19) -> 13963.229 | P19: 아래 5개 세목의 합
B20: · 연료비 | C20: =설정값!$D$79 -> -0.0089 | D20: =대조선박_손익!$C$60/1000000 -> 11496.495 | E20: =$D20*(1+$C20)^E$5 -> 11394.177 | F20: =$D20*(1+$C20)^F$5 -> 11292.768 | G20: =$D20*(1+$C20)^G$5 -> 11192.263 | H20: =$D20*(1+$C20)^H$5 -> 11092.652 | I20: =$D20*(1+$C20)^I$5 -> 10993.927 | J20: =$D20*(1+$C20)^J$5 -> 10896.081 | K20: =$D20*(1+$C20)^K$5 -> 10799.106 | L20: =$D20*(1+$C20)^L$5 -> 10702.994 | ... N20: =$D20*(1+$C20)^N$5 -> 10513.328 | O20: =AVERAGE(E20:N20) -> 10948.503 | P20: y+0에 현재 유가·환율 배율이 이미 반영됨 — 성장률은 그 위에 매년 복리 (레벨 shift vs 연간 변화율, 이중 반영 아님)
B21: · 항비 | C21: =설정값!$D$80 -> 0.0785 | D21: =대조선박_손익!$C$61/1000000 -> 960.34745 | E21: =$D21*(1+$C21)^E$5 -> 1035.7347 | F21: =$D21*(1+$C21)^F$5 -> 1117.0399 | G21: =$D21*(1+$C21)^G$5 -> 1204.7275 | H21: =$D21*(1+$C21)^H$5 -> 1299.2986 | I21: =$D21*(1+$C21)^I$5 -> 1401.2936 | J21: =$D21*(1+$C21)^J$5 -> 1511.2951 | K21: =$D21*(1+$C21)^K$5 -> 1629.9318 | L21: =$D21*(1+$C21)^L$5 -> 1757.8815 | ... N21: =$D21*(1+$C21)^N$5 -> 2044.7013 | O21: =AVERAGE(E21:N21) -> 1489.7779
B22: · 보험료 | C22: =설정값!$D$81 -> 0.0382 | D22: =대조선박_손익!$C$62/1000000 -> 441.84596 | E22: =$D22*(1+$C22)^E$5 -> 458.72447 | F22: =$D22*(1+$C22)^F$5 -> 476.24775 | G22: =$D22*(1+$C22)^G$5 -> 494.44041 | H22: =$D22*(1+$C22)^H$5 -> 513.32804 | I22: =$D22*(1+$C22)^I$5 -> 532.93717 | J22: =$D22*(1+$C22)^J$5 -> 553.29537 | K22: =$D22*(1+$C22)^K$5 -> 574.43125 | L22: =$D22*(1+$C22)^L$5 -> 596.37452 | ... N22: =$D22*(1+$C22)^N$5 -> 642.80779 | O22: =AVERAGE(E22:N22) -> 546.17428
B23: · 수리비 (10년 전용) | C23: =설정값!$D$82 -> 0.05 | D23: =설정값!$D$105 -> 700 | E23: =$D23*(1+$C23)^E$5 -> 735 | F23: =$D23*(1+$C23)^F$5 -> 771.75 | G23: =$D23*(1+$C23)^G$5 -> 810.3375 | H23: =$D23*(1+$C23)^H$5 -> 850.85438 | I23: =$D23*(1+$C23)^I$5 -> 893.39709 | J23: =$D23*(1+$C23)^J$5 -> 938.06695 | K23: =$D23*(1+$C23)^K$5 -> 984.9703 | L23: =$D23*(1+$C23)^L$5 -> 1034.2188 | ... N23: =$D23*(1+$C23)^N$5 -> 1140.2262 | O23: =AVERAGE(E23:N23) -> 924.4751
B24: · 선용품비 | C24: =설정값!$D$83 -> 0.15 | D24: =대조선박_손익!$C$64/1000000 -> 23.25505 | E24: =$D24*(1+$C24)^E$5 -> 26.743308 | F24: =$D24*(1+$C24)^F$5 -> 30.754804 | G24: =$D24*(1+$C24)^G$5 -> 35.368025 | H24: =$D24*(1+$C24)^H$5 -> 40.673228 | I24: =$D24*(1+$C24)^I$5 -> 46.774213 | J24: =$D24*(1+$C24)^J$5 -> 53.790345 | K24: =$D24*(1+$C24)^K$5 -> 61.858896 | L24: =$D24*(1+$C24)^L$5 -> 71.137731 | ... N24: =$D24*(1+$C24)^N$5 -> 94.079649 | O24: =AVERAGE(E24:N24) -> 54.298859
B25: 선체이자 | D25: =차입금_상환!$E$20/1000000 -> 700 | E25: =차입금_상환!$E$21/1000000 -> 700 | F25: =차입금_상환!$E$22/1000000 -> 700 | G25: =차입금_상환!$E$23/1000000 -> 700 | H25: =차입금_상환!$E$24/1000000 -> 641.66667 | I25: =차입금_상환!$E$25/1000000 -> 583.33333 | J25: =차입금_상환!$E$26/1000000 -> 525 | K25: =차입금_상환!$E$27/1000000 -> 466.66667 | L25: =차입금_상환!$E$28/1000000 -> 408.33333 | M25: =차입금_상환!$E$29/1000000 -> 350 | N25: =차입금_상환!$E$30/1000000 -> 291.66667 | O25: =AVERAGE(E25:N25) -> 536.66667 | P25: 차입금_상환 시트 연도별 이자 — 성장률 미적용. 우리 회사는 선박 차입 이자를 운항원가 "선체이자"로 넣는다 (단일연도 표에서는 영업외비용)
B26: Ⅲ. 매출총이익 | D26: =D7+-D12 -> 6929.5317 | E26: =E7+-E12 -> 7465.6185 | F26: =F7+-F12 -> 8007.0214 | G26: =G7+-G12 -> 8553.4967 | H26: =H7+-H12 -> 9163.0915 | I26: =I7+-I12 -> 9777.1388 | J26: =J7+-J12 -> 10395.252 | K26: =K7+-K12 -> 11016.988 | ... N26: =N7+-N12 -> 12898.474 | O26: =AVERAGE(E26:N26) -> 10118.813
B27: Ⅳ. 판매비와관리비 | D27: =D28++D29++D30++D31++D32++D33 -> 3121.0125 | E27: =E28++E29++E30++E31++E32++E33 -> 3266.2223 | F27: =F28++F29++F30++F31++F32++F33 -> 3418.8926 | G27: =G28++G29++G30++G31++G32++G33 -> 3579.4276 | H27: =H28++H29++H30++H31++H32++H33 -> 3748.2542 | I27: =I28++I29++I30++I31++I32++I33 -> 3925.8228 | J27: =J28++J29++J30++J31++J32++J33 -> 4112.609 | K27: =K28++K29++K30++K31++K32++K33 -> 4309.115 | ... N27: =N28++N29++N30++N31++N32++N33 -> 4962.4019 | O27: =AVERAGE(E27:N27) -> 4057.2052
B28: 직원급여 (육상직원) | C28: =설정값!$D$84 -> 0.0568 | D28: =대조선박_손익!$C$67/1000000 -> 1822.8787 | E28: =$D28*(1+$C28)^E$5 -> 1926.4182 | F28: =$D28*(1+$C28)^F$5 -> 2035.8387 | G28: =$D28*(1+$C28)^G$5 -> 2151.4743 | H28: =$D28*(1+$C28)^H$5 -> 2273.6781 | I28: =$D28*(1+$C28)^I$5 -> 2402.823 | J28: =$D28*(1+$C28)^J$5 -> 2539.3034 | K28: =$D28*(1+$C28)^K$5 -> 2683.5358 | L28: =$D28*(1+$C28)^L$5 -> 2835.9606 | ... N28: =$D28*(1+$C28)^N$5 -> 3167.2752 | O28: =AVERAGE(E28:N28) -> 2501.335
B29: 퇴직급여 (육상직원) | C29: =설정값!$D$84 -> 0.0568 | D29: =대조선박_손익!$C$68/1000000 -> 152.42019 | E29: =$D29*(1+$C29)^E$5 -> 161.07766 | F29: =$D29*(1+$C29)^F$5 -> 170.22687 | G29: =$D29*(1+$C29)^G$5 -> 179.89576 | H29: =$D29*(1+$C29)^H$5 -> 190.11384 | I29: =$D29*(1+$C29)^I$5 -> 200.9123 | J29: =$D29*(1+$C29)^J$5 -> 212.32412 | K29: =$D29*(1+$C29)^K$5 -> 224.38413 | L29: =$D29*(1+$C29)^L$5 -> 237.12915 | ... N29: =$D29*(1+$C29)^N$5 -> 264.83206 | O29: =AVERAGE(E29:N29) -> 209.1494
B30: 복리후생비 (육상직원) | C30: =설정값!$D$84 -> 0.0568 | D30: =대조선박_손익!$C$69/1000000 -> 147.55341 | E30: =$D30*(1+$C30)^E$5 -> 155.93444 | F30: =$D30*(1+$C30)^F$5 -> 164.79152 | G30: =$D30*(1+$C30)^G$5 -> 174.15167 | H30: =$D30*(1+$C30)^H$5 -> 184.04349 | I30: =$D30*(1+$C30)^I$5 -> 194.49716 | J30: =$D30*(1+$C30)^J$5 -> 205.5446 | K30: =$D30*(1+$C30)^K$5 -> 217.21953 | L30: =$D30*(1+$C30)^L$5 -> 229.5576 | ... N30: =$D30*(1+$C30)^N$5 -> 256.37595 | O30: =AVERAGE(E30:N30) -> 202.47124
B31: 세금과공과 | C31: =설정값!$D$85 -> 0.0292 | D31: =대조선박_손익!$C$70/1000000 -> 62.9715 | E31: =$D31*(1+$C31)^E$5 -> 64.810268 | F31: =$D31*(1+$C31)^F$5 -> 66.702728 | G31: =$D31*(1+$C31)^G$5 -> 68.650447 | H31: =$D31*(1+$C31)^H$5 -> 70.65504 | I31: =$D31*(1+$C31)^I$5 -> 72.718168 | J31: =$D31*(1+$C31)^J$5 -> 74.841538 | K31: =$D31*(1+$C31)^K$5 -> 77.026911 | L31: =$D31*(1+$C31)^L$5 -> 79.276097 | ... N31: =$D31*(1+$C31)^N$5 -> 83.973415 | O31: =AVERAGE(E31:N31) -> 74.024557
B32: 지급수수료 | C32: =설정값!$D$86 -> 0.0234 | D32: =대조선박_손익!$C$71/1000000 -> 682.5102 | E32: =$D32*(1+$C32)^E$5 -> 698.48094 | F32: =$D32*(1+$C32)^F$5 -> 714.82539 | G32: =$D32*(1+$C32)^G$5 -> 731.55231 | H32: =$D32*(1+$C32)^H$5 -> 748.67063 | I32: =$D32*(1+$C32)^I$5 -> 766.18952 | J32: =$D32*(1+$C32)^J$5 -> 784.11836 | K32: =$D32*(1+$C32)^K$5 -> 802.46673 | L32: =$D32*(1+$C32)^L$5 -> 821.24445 | ... N32: =$D32*(1+$C32)^N$5 -> 860.12837 | O32: =AVERAGE(E32:N32) -> 776.81383
B33: 그 외 (세금과공과·지급수수료 제외) | D33: =D34++D35++D36++D37++D38++D39++D40++D41++D42++D43++D44++D45++D46++D47 -> 252.67856 | E33: =E34++E35++E36++E37++E38++E39++E40++E41++E42++E43++E44++E45++E46++E47 -> 259.50088 | F33: =F34++F35++F36++F37++F38++F39++F40++F41++F42++F43++F44++F45++F46++F47 -> 266.50741 | G33: =G34++G35++G36++G37++G38++G39++G40++G41++G42++G43++G44++G45++G46++G47 -> 273.70311 | H33: =H34++H35++H36++H37++H38++H39++H40++H41++H42++H43++H44++H45++H46++H47 -> 281.09309 | I33: =I34++I35++I36++I37++I38++I39++I40++I41++I42++I43++I44++I45++I46++I47 -> 288.6826 | J33: =J34++J35++J36++J37++J38++J39++J40++J41++J42++J43++J44++J45++J46++J47 -> 296.47703 | K33: =K34++K35++K36++K37++K38++K39++K40++K41++K42++K43++K44++K45++K46++K47 -> 304.48191 | ... N33: =N34++N35++N36++N37++N38++N39++N40++N41++N42++N43++N44++N45++N46++N47 -> 329.81684 | O33: =AVERAGE(E33:N33) -> 293.41117
B34: · 여비교통비 | C34: =설정값!$D$87 -> 0.027 | D34: =대조선박_손익!$C$73/1000000 -> 9.246562 | E34: =$D34*(1+$C34)^E$5 -> 9.4962192 | F34: =$D34*(1+$C34)^F$5 -> 9.7526171 | G34: =$D34*(1+$C34)^G$5 -> 10.015938 | H34: =$D34*(1+$C34)^H$5 -> 10.286368 | I34: =$D34*(1+$C34)^I$5 -> 10.5641 | J34: =$D34*(1+$C34)^J$5 -> 10.849331 | K34: =$D34*(1+$C34)^K$5 -> 11.142263 | L34: =$D34*(1+$C34)^L$5 -> 11.443104 | ... N34: =$D34*(1+$C34)^N$5 -> 12.069373 | O34: =AVERAGE(E34:N34) -> 10.737138
B35: · 접대비 | C35: =설정값!$D$87 -> 0.027 | D35: =대조선박_손익!$C$74/1000000 -> 8.802 | E35: =$D35*(1+$C35)^E$5 -> 9.039654 | F35: =$D35*(1+$C35)^F$5 -> 9.2837247 | G35: =$D35*(1+$C35)^G$5 -> 9.5343852 | H35: =$D35*(1+$C35)^H$5 -> 9.7918136 | I35: =$D35*(1+$C35)^I$5 -> 10.056193 | J35: =$D35*(1+$C35)^J$5 -> 10.32771 | K35: =$D35*(1+$C35)^K$5 -> 10.606558 | L35: =$D35*(1+$C35)^L$5 -> 10.892935 | ... N35: =$D35*(1+$C35)^N$5 -> 11.489094 | O35: =AVERAGE(E35:N35) -> 10.220911
B36: · 통신비 | C36: =설정값!$D$87 -> 0.027 | D36: =대조선박_손익!$C$75/1000000 -> 9.364469 | E36: =$D36*(1+$C36)^E$5 -> 9.6173097 | F36: =$D36*(1+$C36)^F$5 -> 9.876977 | G36: =$D36*(1+$C36)^G$5 -> 10.143655 | H36: =$D36*(1+$C36)^H$5 -> 10.417534 | I36: =$D36*(1+$C36)^I$5 -> 10.698808 | J36: =$D36*(1+$C36)^J$5 -> 10.987675 | K36: =$D36*(1+$C36)^K$5 -> 11.284343 | L36: =$D36*(1+$C36)^L$5 -> 11.58902 | ... N36: =$D36*(1+$C36)^N$5 -> 12.223275 | O36: =AVERAGE(E36:N36) -> 10.874052
B37: · 수도광열비 | C37: =설정값!$D$87 -> 0.027 | D37: =대조선박_손익!$C$76/1000000 -> 16.446116 | E37: =$D37*(1+$C37)^E$5 -> 16.890161 | F37: =$D37*(1+$C37)^F$5 -> 17.346195 | G37: =$D37*(1+$C37)^G$5 -> 17.814543 | H37: =$D37*(1+$C37)^H$5 -> 18.295535 | I37: =$D37*(1+$C37)^I$5 -> 18.789515 | J37: =$D37*(1+$C37)^J$5 -> 19.296832 | K37: =$D37*(1+$C37)^K$5 -> 19.817846 | L37: =$D37*(1+$C37)^L$5 -> 20.352928 | ... N37: =$D37*(1+$C37)^N$5 -> 21.466823 | O37: =AVERAGE(E37:N37) -> 19.097284
B38: · 지급임차료 | C38: =설정값!$D$87 -> 0.027 | D38: =대조선박_손익!$C$77/1000000 -> 74.136257 | E38: =$D38*(1+$C38)^E$5 -> 76.137936 | F38: =$D38*(1+$C38)^F$5 -> 78.19366 | G38: =$D38*(1+$C38)^G$5 -> 80.304889 | H38: =$D38*(1+$C38)^H$5 -> 82.473121 | I38: =$D38*(1+$C38)^I$5 -> 84.699895 | J38: =$D38*(1+$C38)^J$5 -> 86.986792 | K38: =$D38*(1+$C38)^K$5 -> 89.335436 | L38: =$D38*(1+$C38)^L$5 -> 91.747493 | ... N38: =$D38*(1+$C38)^N$5 -> 96.768741 | O38: =AVERAGE(E38:N38) -> 86.087264
B39: · 수선비 | C39: =설정값!$D$87 -> 0.027 | D39: =대조선박_손익!$C$78/1000000 -> 0 | E39: =$D39*(1+$C39)^E$5 -> 0 | F39: =$D39*(1+$C39)^F$5 -> 0 | G39: =$D39*(1+$C39)^G$5 -> 0 | H39: =$D39*(1+$C39)^H$5 -> 0 | I39: =$D39*(1+$C39)^I$5 -> 0 | J39: =$D39*(1+$C39)^J$5 -> 0 | K39: =$D39*(1+$C39)^K$5 -> 0 | L39: =$D39*(1+$C39)^L$5 -> 0 | ... N39: =$D39*(1+$C39)^N$5 -> 0 | O39: =AVERAGE(E39:N39) -> 0
B40: · 보험료 | C40: =설정값!$D$87 -> 0.027 | D40: =대조선박_손익!$C$79/1000000 -> 7.359767 | E40: =$D40*(1+$C40)^E$5 -> 7.5584807 | F40: =$D40*(1+$C40)^F$5 -> 7.7625597 | G40: =$D40*(1+$C40)^G$5 -> 7.9721488 | H40: =$D40*(1+$C40)^H$5 -> 8.1873968 | I40: =$D40*(1+$C40)^I$5 -> 8.4084565 | J40: =$D40*(1+$C40)^J$5 -> 8.6354849 | K40: =$D40*(1+$C40)^K$5 -> 8.8686429 | L40: =$D40*(1+$C40)^L$5 -> 9.1080963 | ... N40: =$D40*(1+$C40)^N$5 -> 9.6065733 | O40: =AVERAGE(E40:N40) -> 8.5461855
B41: · 차량유지비 | C41: =설정값!$D$87 -> 0.027 | D41: =대조선박_손익!$C$80/1000000 -> 0.509 | E41: =$D41*(1+$C41)^E$5 -> 0.522743 | F41: =$D41*(1+$C41)^F$5 -> 0.53685706 | G41: =$D41*(1+$C41)^G$5 -> 0.5513522 | H41: =$D41*(1+$C41)^H$5 -> 0.56623871 | I41: =$D41*(1+$C41)^I$5 -> 0.58152716 | J41: =$D41*(1+$C41)^J$5 -> 0.59722839 | K41: =$D41*(1+$C41)^K$5 -> 0.61335356 | L41: =$D41*(1+$C41)^L$5 -> 0.6299141 | ... N41: =$D41*(1+$C41)^N$5 -> 0.66438867 | O41: =AVERAGE(E41:N41) -> 0.59105246
B42: · 운반비 | C42: =설정값!$D$87 -> 0.027 | D42: =대조선박_손익!$C$81/1000000 -> 0.51385 | E42: =$D42*(1+$C42)^E$5 -> 0.52772395 | F42: =$D42*(1+$C42)^F$5 -> 0.5419725 | G42: =$D42*(1+$C42)^G$5 -> 0.55660575 | H42: =$D42*(1+$C42)^H$5 -> 0.57163411 | I42: =$D42*(1+$C42)^I$5 -> 0.58706823 | J42: =$D42*(1+$C42)^J$5 -> 0.60291907 | K42: =$D42*(1+$C42)^K$5 -> 0.61919789 | L42: =$D42*(1+$C42)^L$5 -> 0.63591623 | ... N42: =$D42*(1+$C42)^N$5 -> 0.67071929 | O42: =AVERAGE(E42:N42) -> 0.5966843
B43: · 교육훈련비 | C43: =설정값!$D$87 -> 0.027 | D43: =대조선박_손익!$C$82/1000000 -> 1.199818 | E43: =$D43*(1+$C43)^E$5 -> 1.2322131 | F43: =$D43*(1+$C43)^F$5 -> 1.2654828 | G43: =$D43*(1+$C43)^G$5 -> 1.2996509 | H43: =$D43*(1+$C43)^H$5 -> 1.3347414 | I43: =$D43*(1+$C43)^I$5 -> 1.3707795 | J43: =$D43*(1+$C43)^J$5 -> 1.4077905 | K43: =$D43*(1+$C43)^K$5 -> 1.4458009 | L43: =$D43*(1+$C43)^L$5 -> 1.4848375 | ... N43: =$D43*(1+$C43)^N$5 -> 1.5661012 | O43: =AVERAGE(E43:N43) -> 1.3932326
B44: · 도서인쇄비 | C44: =설정값!$D$87 -> 0.027 | D44: =대조선박_손익!$C$83/1000000 -> 8.368 | E44: =$D44*(1+$C44)^E$5 -> 8.593936 | F44: =$D44*(1+$C44)^F$5 -> 8.8259723 | G44: =$D44*(1+$C44)^G$5 -> 9.0642735 | H44: =$D44*(1+$C44)^H$5 -> 9.3090089 | I44: =$D44*(1+$C44)^I$5 -> 9.5603521 | J44: =$D44*(1+$C44)^J$5 -> 9.8184817 | K44: =$D44*(1+$C44)^K$5 -> 10.083581 | L44: =$D44*(1+$C44)^L$5 -> 10.355837 | ... N44: =$D44*(1+$C44)^N$5 -> 10.922602 | O44: =AVERAGE(E44:N44) -> 9.7169489
B45: · 소모품비 | C45: =설정값!$D$87 -> 0.027 | D45: =대조선박_손익!$C$84/1000000 -> 9.759123 | E45: =$D45*(1+$C45)^E$5 -> 10.022619 | F45: =$D45*(1+$C45)^F$5 -> 10.29323 | G45: =$D45*(1+$C45)^G$5 -> 10.571147 | H45: =$D45*(1+$C45)^H$5 -> 10.856568 | I45: =$D45*(1+$C45)^I$5 -> 11.149696 | J45: =$D45*(1+$C45)^J$5 -> 11.450737 | K45: =$D45*(1+$C45)^K$5 -> 11.759907 | L45: =$D45*(1+$C45)^L$5 -> 12.077425 | ... N45: =$D45*(1+$C45)^N$5 -> 12.73841 | O45: =AVERAGE(E45:N45) -> 11.332326
B46: · 광고선전비 | C46: =설정값!$D$87 -> 0.027 | D46: =대조선박_손익!$C$85/1000000 -> 106.9736 | E46: =$D46*(1+$C46)^E$5 -> 109.86189 | F46: =$D46*(1+$C46)^F$5 -> 112.82816 | G46: =$D46*(1+$C46)^G$5 -> 115.87452 | H46: =$D46*(1+$C46)^H$5 -> 119.00313 | I46: =$D46*(1+$C46)^I$5 -> 122.21621 | J46: =$D46*(1+$C46)^J$5 -> 125.51605 | K46: =$D46*(1+$C46)^K$5 -> 128.90498 | L46: =$D46*(1+$C46)^L$5 -> 132.38542 | ... N46: =$D46*(1+$C46)^N$5 -> 139.63074 | O46: =AVERAGE(E46:N46) -> 124.21809
B47: · 잡비 | C47: =설정값!$D$87 -> 0.027 | D47: =대조선박_손익!$C$86/1000000 -> 0 | E47: =$D47*(1+$C47)^E$5 -> 0 | F47: =$D47*(1+$C47)^F$5 -> 0 | G47: =$D47*(1+$C47)^G$5 -> 0 | H47: =$D47*(1+$C47)^H$5 -> 0 | I47: =$D47*(1+$C47)^I$5 -> 0 | J47: =$D47*(1+$C47)^J$5 -> 0 | K47: =$D47*(1+$C47)^K$5 -> 0 | L47: =$D47*(1+$C47)^L$5 -> 0 | ... N47: =$D47*(1+$C47)^N$5 -> 0 | O47: =AVERAGE(E47:N47) -> 0
B48: Ⅴ. 영업이익(손실) | D48: =D26+-D27 -> 3808.5192 | E48: =E26+-E27 -> 4199.3962 | F48: =F26+-F27 -> 4588.1288 | G48: =G26+-G27 -> 4974.0691 | H48: =H26+-H27 -> 5414.8374 | I48: =I26+-I27 -> 5851.316 | J48: =J26+-J27 -> 6282.6432 | K48: =K26+-K27 -> 6707.8725 | ... N48: =N26+-N27 -> 7936.0723 | O48: =AVERAGE(E48:N48) -> 6061.6083 | P48: 선체이자를 운항원가에 넣은 기준 — 단일연도 표보다 이자만큼 낮다
B49: 영업이익률 | D49: =IFERROR(D48/D7,0) -> 0.16558579 | E49: =IFERROR(E48/E7,0) -> 0.17786043 | F49: =IFERROR(F48/F7,0) -> 0.18930061 | G49: =IFERROR(G48/G7,0) -> 0.19991738 | H49: =IFERROR(H48/H7,0) -> 0.2120044 | I49: =IFERROR(I48/I7,0) -> 0.2231681 | J49: =IFERROR(J48/J7,0) -> 0.23342024 | K49: =IFERROR(K48/K7,0) -> 0.24277104 | ... O49: =IFERROR(O48/O7,0) -> 0.22753019 | P49: [보완] 평균 열은 평균 영업이익 ÷ 평균 매출
B50: EBITDA (영업이익 + 감가상각비) | D50: =D48+D16 -> 3808.5192 | E50: =E48+E16 -> 4199.3962 | F50: =F48+F16 -> 4588.1288 | G50: =G48+G16 -> 4974.0691 | H50: =H48+H16 -> 5414.8374 | I50: =I48+I16 -> 5851.316 | J50: =J48+J16 -> 6282.6432 | K50: =K48+K16 -> 6707.8725 | ... O50: =O48+O16 -> 6061.6083 | P50: [보완] 선체이자 차감 후 기준
B51: 영업이익 누계 | E51: =SUM($E48:E48) -> 4199.3962 | F51: =SUM($E48:F48) -> 8787.525 | G51: =SUM($E48:G48) -> 13761.594 | H51: =SUM($E48:H48) -> 19176.431 | I51: =SUM($E48:I48) -> 25027.747 | J51: =SUM($E48:J48) -> 31310.391 | K51: =SUM($E48:K48) -> 38018.263 | L51: =SUM($E48:L48) -> 45144.228 | ... N51: =SUM($E48:N48) -> 60616.083 | P51: [보완] y+1부터 누계
B53: 〔수지〕 현금 기준 — 회계상 비용이 아니라 통장에서 빠지는 것
B54: (+) 감가상각비 되더하기 | C54: undefined | D54: =D16 -> 0 | E54: =E16 -> 0 | F54: =F16 -> 0 | G54: =G16 -> 0 | H54: =H16 -> 0 | I54: =I16 -> 0 | J54: =J16 -> 0 | K54: =K16 -> 0 | ... N54: =N16 -> 0
B55: (+) 선체이자 되더하기 | C55: undefined | D55: =D25 -> 700 | E55: =E25 -> 700 | F55: =F25 -> 700 | G55: =G25 -> 700 | H55: =H25 -> 641.66667 | I55: =I25 -> 583.33333 | J55: =J25 -> 525 | K55: =K25 -> 466.66667 | ... N55: =N25 -> 291.66667
B56: 과세표준 | C56: undefined | D56: =IF(설정값!$D$101="O",(MIN(설정값!$D$102,1000)*14+MAX(0,MIN(설정값!$D$102,10000)-1000)*11+MAX(0,MIN(설정값!$D$102,25000)-10000)*7+MAX(0,설정값!$D$102-25000)*4)*설정값!$D$103/1000000,MAX(0,D48-D25)) -> 4.86 | E56: =IF(설정값!$D$101="O",(MIN(설정값!$D$102,1000)*14+MAX(0,MIN(설정값!$D$102,10000)-1000)*11+MAX(0,MIN(설정값!$D$102,25000)-10000)*7+MAX(0,설정값!$D$102-25000)*4)*설정값!$D$103/1000000,MAX(0,E48-E25)) -> 4.86 | F56: =IF(설정값!$D$101="O",(MIN(설정값!$D$102,1000)*14+MAX(0,MIN(설정값!$D$102,10000)-1000)*11+MAX(0,MIN(설정값!$D$102,25000)-10000)*7+MAX(0,설정값!$D$102-25000)*4)*설정값!$D$103/1000000,MAX(0,F48-F25)) -> 4.86 | G56: =IF(설정값!$D$101="O",(MIN(설정값!$D$102,1000)*14+MAX(0,MIN(설정값!$D$102,10000)-1000)*11+MAX(0,MIN(설정값!$D$102,25000)-10000)*7+MAX(0,설정값!$D$102-25000)*4)*설정값!$D$103/1000000,MAX(0,G48-G25)) -> 4.86 | H56: =IF(설정값!$D$101="O",(MIN(설정값!$D$102,1000)*14+MAX(0,MIN(설정값!$D$102,10000)-1000)*11+MAX(0,MIN(설정값!$D$102,25000)-10000)*7+MAX(0,설정값!$D$102-25000)*4)*설정값!$D$103/1000000,MAX(0,H48-H25)) -> 4.86 | I56: =IF(설정값!$D$101="O",(MIN(설정값!$D$102,1000)*14+MAX(0,MIN(설정값!$D$102,10000)-1000)*11+MAX(0,MIN(설정값!$D$102,25000)-10000)*7+MAX(0,설정값!$D$102-25000)*4)*설정값!$D$103/1000000,MAX(0,I48-I25)) -> 4.86 | J56: =IF(설정값!$D$101="O",(MIN(설정값!$D$102,1000)*14+MAX(0,MIN(설정값!$D$102,10000)-1000)*11+MAX(0,MIN(설정값!$D$102,25000)-10000)*7+MAX(0,설정값!$D$102-25000)*4)*설정값!$D$103/1000000,MAX(0,J48-J25)) -> 4.86 | K56: =IF(설정값!$D$101="O",(MIN(설정값!$D$102,1000)*14+MAX(0,MIN(설정값!$D$102,10000)-1000)*11+MAX(0,MIN(설정값!$D$102,25000)-10000)*7+MAX(0,설정값!$D$102-25000)*4)*설정값!$D$103/1000000,MAX(0,K48-K25)) -> 4.86 | ... N56: =IF(설정값!$D$101="O",(MIN(설정값!$D$102,1000)*14+MAX(0,MIN(설정값!$D$102,10000)-1000)*11+MAX(0,MIN(설정값!$D$102,25000)-10000)*7+MAX(0,설정값!$D$102-25000)*4)*설정값!$D$103/1000000,MAX(0,N48-N25)) -> 4.86
B57: (−) 법인세 | C57: undefined | D57: =-IF(D56<=0,0,MIN(D56,200)*0.099+MAX(0,MIN(D56,20000)-200)*0.209+MAX(0,MIN(D56,300000)-20000)*0.231+MAX(0,D56-300000)*0.264) -> -0.48114 | E57: =-IF(E56<=0,0,MIN(E56,200)*0.099+MAX(0,MIN(E56,20000)-200)*0.209+MAX(0,MIN(E56,300000)-20000)*0.231+MAX(0,E56-300000)*0.264) -> -0.48114 | F57: =-IF(F56<=0,0,MIN(F56,200)*0.099+MAX(0,MIN(F56,20000)-200)*0.209+MAX(0,MIN(F56,300000)-20000)*0.231+MAX(0,F56-300000)*0.264) -> -0.48114 | G57: =-IF(G56<=0,0,MIN(G56,200)*0.099+MAX(0,MIN(G56,20000)-200)*0.209+MAX(0,MIN(G56,300000)-20000)*0.231+MAX(0,G56-300000)*0.264) -> -0.48114 | H57: =-IF(H56<=0,0,MIN(H56,200)*0.099+MAX(0,MIN(H56,20000)-200)*0.209+MAX(0,MIN(H56,300000)-20000)*0.231+MAX(0,H56-300000)*0.264) -> -0.48114 | I57: =-IF(I56<=0,0,MIN(I56,200)*0.099+MAX(0,MIN(I56,20000)-200)*0.209+MAX(0,MIN(I56,300000)-20000)*0.231+MAX(0,I56-300000)*0.264) -> -0.48114 | J57: =-IF(J56<=0,0,MIN(J56,200)*0.099+MAX(0,MIN(J56,20000)-200)*0.209+MAX(0,MIN(J56,300000)-20000)*0.231+MAX(0,J56-300000)*0.264) -> -0.48114 | K57: =-IF(K56<=0,0,MIN(K56,200)*0.099+MAX(0,MIN(K56,20000)-200)*0.209+MAX(0,MIN(K56,300000)-20000)*0.231+MAX(0,K56-300000)*0.264) -> -0.48114 | ... N57: =-IF(N56<=0,0,MIN(N56,200)*0.099+MAX(0,MIN(N56,20000)-200)*0.209+MAX(0,MIN(N56,300000)-20000)*0.231+MAX(0,N56-300000)*0.264) -> -0.48114
B58: (−) 우발 수리유보금 | C58: undefined | D58: =-설정값!$D$106*(1+설정값!$D$107)^D$5 -> -700 | E58: =-설정값!$D$106*(1+설정값!$D$107)^E$5 -> -700 | F58: =-설정값!$D$106*(1+설정값!$D$107)^F$5 -> -700 | G58: =-설정값!$D$106*(1+설정값!$D$107)^G$5 -> -700 | H58: =-설정값!$D$106*(1+설정값!$D$107)^H$5 -> -700 | I58: =-설정값!$D$106*(1+설정값!$D$107)^I$5 -> -700 | J58: =-설정값!$D$106*(1+설정값!$D$107)^J$5 -> -700 | K58: =-설정값!$D$106*(1+설정값!$D$107)^K$5 -> -700 | ... N58: =-설정값!$D$106*(1+설정값!$D$107)^N$5 -> -700
B59: (−) 선박 대체 유보금 | C59: undefined | D59: =-설정값!$D$50*설정값!$D$108/설정값!$D$51*(1+설정값!$D$109)^D$5 -> -666.66667 | E59: =-설정값!$D$50*설정값!$D$108/설정값!$D$51*(1+설정값!$D$109)^E$5 -> -666.66667 | F59: =-설정값!$D$50*설정값!$D$108/설정값!$D$51*(1+설정값!$D$109)^F$5 -> -666.66667 | G59: =-설정값!$D$50*설정값!$D$108/설정값!$D$51*(1+설정값!$D$109)^G$5 -> -666.66667 | H59: =-설정값!$D$50*설정값!$D$108/설정값!$D$51*(1+설정값!$D$109)^H$5 -> -666.66667 | I59: =-설정값!$D$50*설정값!$D$108/설정값!$D$51*(1+설정값!$D$109)^I$5 -> -666.66667 | J59: =-설정값!$D$50*설정값!$D$108/설정값!$D$51*(1+설정값!$D$109)^J$5 -> -666.66667 | K59: =-설정값!$D$50*설정값!$D$108/설정값!$D$51*(1+설정값!$D$109)^K$5 -> -666.66667 | ... N59: =-설정값!$D$50*설정값!$D$108/설정값!$D$51*(1+설정값!$D$109)^N$5 -> -666.66667
B60: ＝ CFADS (부채상환가능재원) | C60: undefined | D60: =D48+D54+D55+D57+D58+D59 -> 3141.3714 | E60: =E48+E54+E55+E57+E58+E59 -> 3532.2484 | F60: =F48+F54+F55+F57+F58+F59 -> 3920.981 | G60: =G48+G54+G55+G57+G58+G59 -> 4306.9213 | H60: =H48+H54+H55+H57+H58+H59 -> 4689.3562 | I60: =I48+I54+I55+I57+I58+I59 -> 5067.5015 | J60: =J48+J54+J55+J57+J58+J59 -> 5440.4954 | K60: =K48+K54+K55+K57+K58+K59 -> 5807.3914 | ... N60: =N48+N54+N55+N57+N58+N59 -> 6860.5911
B61: (−) 차입금 원금상환 | C61: undefined | D61: =-차입금_상환!$F$20/1000000 -> 0 | E61: =-차입금_상환!$F$21/1000000 -> 0 | F61: =-차입금_상환!$F$22/1000000 -> 0 | G61: =-차입금_상환!$F$23/1000000 -> -1666.6667 | H61: =-차입금_상환!$F$24/1000000 -> -1666.6667 | I61: =-차입금_상환!$F$25/1000000 -> -1666.6667 | J61: =-차입금_상환!$F$26/1000000 -> -1666.6667 | K61: =-차입금_상환!$F$27/1000000 -> -1666.6667 | L61: =-차입금_상환!$F$28/1000000 -> -1666.6667 | M61: =-차입금_상환!$F$29/1000000 -> -1666.6667 | N61: =-차입금_상환!$F$30/1000000 -> -1666.6667
B62: 연간 원리금 (선체이자 + 원금) | C62: undefined | D62: =D25-D61 -> 700 | E62: =E25-E61 -> 700 | F62: =F25-F61 -> 700 | G62: =G25-G61 -> 2366.6667 | H62: =H25-H61 -> 2308.3333 | I62: =I25-I61 -> 2250 | J62: =J25-J61 -> 2191.6667 | K62: =K25-K61 -> 2133.3333 | ... N62: =N25-N61 -> 1958.3333
B63: 부채상환커버리지비율 (DSCR) | C63: undefined | D63: =IFERROR(IF(D62>0,D60/D62,""),"") -> 4.4876735 | E63: =IFERROR(IF(E62>0,E60/E62,""),"") -> 5.0460691 | F63: =IFERROR(IF(F62>0,F60/F62,""),"") -> 5.6014014 | G63: =IFERROR(IF(G62>0,G60/G62,""),"") -> 1.8198259 | H63: =IFERROR(IF(H62>0,H60/H62,""),"") -> 2.0314901 | I63: =IFERROR(IF(I62>0,I60/I62,""),"") -> 2.2522229 | J63: =IFERROR(IF(J62>0,J60/J62,""),"") -> 2.4823553 | K63: =IFERROR(IF(K62>0,K60/K62,""),"") -> 2.7222147 | ... N63: =IFERROR(IF(N62>0,N60/N62,""),"") -> 3.5032806
B64: ＝ 상환 후 잉여현금 | C64: undefined | D64: =D60-D62 -> 2441.3714 | E64: =E60-E62 -> 2832.2484 | F64: =F60-F62 -> 3220.981 | G64: =G60-G62 -> 1940.2546 | H64: =H60-H62 -> 2381.0229 | I64: =I60-I62 -> 2817.5015 | J64: =J60-J62 -> 3248.8287 | K64: =K60-K62 -> 3674.0581 | ... N64: =N60-N62 -> 4902.2578
B65: CFADS = 영업이익 + 감가상각비 + 선체이자 − 법인세 − 우발수리유보금 − 선박대체유보금. 선체이자는 이 표에서 운항원가 안에 있으므로 되더한 뒤 분모(원리금)에서 다시 센다 — 이중 차감이 아니다.

Sheet 목표이익률_지표
B1: 목표 영업이익률 도달 지표 — 참조(대저페리 3기) · 대조 선박
B2: 영업이익 = (P·Q + O) − (F + SV/항차·항차(Q) + v·Q) · 목표 r 을 만족하는 Q = (F + SV·항차 − (1−r)·O) ÷ ((1−r)·P − v)
B4: A. 참조 — 대저페리 제3기 원가 구조 (엘도라도 익스프레스호)
B5: 모형 입력 | C5: 값 | D5: 근거
B6: 고정비 F | C6: =원가구조_기준!$F$68 -> 7536536311 | D6: 원가구조_기준 5
B7: 준변동비 SV | C7: =원가구조_기준!$G$68 -> 7148774749 | D7: 항차에 비례
B8: 설정 항차 | C8: =설정값!$D$11 -> 498
B9: 실현 단가 P | C9: =원가구조_기준!$C$44 -> 88950
B10: 승객 1인 변동비 v | C10: =원가구조_기준!$C$74 -> 3754.1815
B11: 여객 외 수입 O | C11: =원가구조_기준!$C$8 -> 332642171 | D11: 화물 + 임대료 (실적)
B12: 정원 | C12: =원가구조_기준!$C$47 -> 970 | D12: 엘도라도
B13: 항차 자동 증가 | C13: =설정값!$D$18 -> X
B14: 현재 승객수 | C14: =원가구조_기준!$C$46 -> 158197 | D14: 시뮬레이션 승객수
B15: 비교 기준 승객수 | C15: =원가구조_기준!$C$45 -> 144058.09 | D15: 실적 역산
B16: 변동비 환산 분모 | C16: =원가구조_기준!$C$45 -> 144058.09 | D16: 실적 역산 (공통)
B17: 수동 추가 변동비 | C17: =설정값!$D$17 -> 0
B18: 목표 영업이익률 | C18: =설정값!$D$19 -> 0.15
B19: 운항원가 — 고정 | C19: =원가구조_기준!$F$69 -> 5098034000
B20: 운항원가 — 준변동 | C20: =원가구조_기준!$G$69 -> 7148774749
B21: 운항원가 — 변동 | C21: =원가구조_기준!$H$69 -> 0
B22: 판관비 — 고정 | C22: =원가구조_기준!$F$70 -> 2438502311
B23: 판관비 — 준변동 | C23: =원가구조_기준!$G$70 -> 0
B24: 판관비 — 변동 | C24: =원가구조_기준!$H$70 -> 540820215
B25: 전사 인건비 | C25: =원가구조_기준!$C$20+원가구조_기준!$C$34 -> 3792443250 | D25: 운항 인건비 + 판관 급여영역
B26: 현재 설정 승객수에서
B27: 항목 | C27: 값
B28: 적용 항차 | C28: =IF(AND($C$13="O",$C$12>0),MAX($C$8,CEILING(($C$14)/$C$12,1)),$C$8) -> 498
B29: 매출액 | C29: =$C$14*$C$9+$C$11 -> 14404265321
B30: 총비용 | C30: =($C$6+$C$7/$C$8*(IF(AND($C$13="O",$C$12>0),MAX($C$8,CEILING(($C$14)/$C$12,1)),$C$8))+$C$10*($C$14)) -> 1.5279211e+10
B31: 영업이익 | C31: =$C$29-$C$30 -> -8.7494599e+08
B32: 영업이익률 | C32: =IFERROR($C$31/$C$29,0) -> -0.060742146
Q33: 반복계산 보조 — "항차 자동 증가"가 O일 때 승객수가 항차를 밀어 올리면 다시 푼다 ( qFor 과 같은 절차)
B34: 목표 영업이익률 | C34: 필요 승객수 | D34: 실적 대비(명) | E34: 필요 운임 (현재 승객 고정) | F34: 항차당 승객 | G34: 적용 항차 | H34: 승선율 | I34: 매출액 | J34: 운항원가 | K34: 운항원가율 | L34: 판관비 | M34: 판관비율 | N34: 전사 인건비율 | O34: 영업이익률 (검증) | P34: 필요 승객수 — 화물 제외 | Q34: 분모 (1−r)P−v | R34: 항차0 | S34: Q0 | T34: 항차1 | U34: Q1 | V34: 항차2 | W34: Q2 | X34: 항차3 | Y34: Q3
B35: 0 | C35: =IF($Q35<=0,"달성 불가",Y35) -> 168466.82 | D35: =IF(ISNUMBER(C35),C35-$C$15,"") -> 24408.734 | E35: =IFERROR((($C$6+$C$7/$C$8*IF(AND($C$13="O",$C$12>0),MAX($C$8,CEILING(($C$14)/$C$12,1)),$C$8)+$C$10*$C$14)/(1-$B35)-$C$11)/$C$14,"") -> 94480.737 | F35: =IF(ISNUMBER(C35),C35/$C$8,"") -> 338.28679 | G35: =IF(ISNUMBER(C35),IF(AND($C$13="O",$C$12>0),MAX($C$8,CEILING((C35)/$C$12,1)),$C$8),"") -> 498 | H35: =IF(AND(ISNUMBER(C35),$C$12>0),C35/($C$12*$C$8),"") -> 0.34874927 | I35: =IF(ISNUMBER(C35),C35*$C$9+$C$11,"") -> 1.5317766e+10 | J35: =IF(ISNUMBER(C35),$C$19+$C$20/$C$8*G35+$C$21/$C$16*C35+$C$17*C35,"") -> 12246808749 | K35: =IF(ISNUMBER(C35),J35/I35,"") -> 0.79951663 | L35: =IF(ISNUMBER(C35),$C$22+$C$23/$C$8*G35+$C$24/$C$16*C35,"") -> 3.0709573e+09 | M35: =IF(ISNUMBER(C35),L35/I35,"") -> 0.20048337 | N35: =IF(ISNUMBER(C35),$C$25/I35,"") -> 0.24758462 | O35: =IF(ISNUMBER(C35),(I35-J35-L35)/I35,"") -> 3.112968e-17 | P35: =IF($Q35<=0,"달성 불가",MAX(0,($C$6+$C$7/$C$8*X35-(1-$B35)*($C$11-원가구조_기준!$C$9))/$Q35)) -> 172258.58 | Q35: =(1-$B35)*$C$9-$C$10 -> 85195.818 | R35: =$C$8 -> 498 | S35: =IF($Q35<=0,0,MAX(0,($C$6+$C$7/$C$8*R35-(1-$B35)*$C$11)/$Q35)) -> 168466.82 | T35: =IF(AND($C$13="O",$C$12>0),MAX($C$8,CEILING((S35)/$C$12,1)),$C$8) -> 498 | U35: =IF($Q35<=0,0,MAX(0,($C$6+$C$7/$C$8*T35-(1-$B35)*$C$11)/$Q35)) -> 168466.82 | V35: =IF(AND($C$13="O",$C$12>0),MAX($C$8,CEILING((U35)/$C$12,1)),$C$8) -> 498 | W35: =IF($Q35<=0,0,MAX(0,($C$6+$C$7/$C$8*V35-(1-$B35)*$C$11)/$Q35)) -> 168466.82 | X35: =IF(AND($C$13="O",$C$12>0),MAX($C$8,CEILING((W35)/$C$12,1)),$C$8) -> 498 | Y35: =IF($Q35<=0,0,MAX(0,($C$6+$C$7/$C$8*X35-(1-$B35)*$C$11)/$Q35)) -> 168466.82
B36: 0.03 | C36: =IF($Q36<=0,"달성 불가",Y36) -> 174035.08 | D36: =IF(ISNUMBER(C36),C36-$C$15,"") -> 29976.987 | E36: =IFERROR((($C$6+$C$7/$C$8*IF(AND($C$13="O",$C$12>0),MAX($C$8,CEILING(($C$14)/$C$12,1)),$C$8)+$C$10*$C$14)/(1-$B36)-$C$11)/$C$14,"") -> 97467.854 | F36: =IF(ISNUMBER(C36),C36/$C$8,"") -> 349.46802 | G36: =IF(ISNUMBER(C36),IF(AND($C$13="O",$C$12>0),MAX($C$8,CEILING((C36)/$C$12,1)),$C$8),"") -> 498 | H36: =IF(AND(ISNUMBER(C36),$C$12>0),C36/($C$12*$C$8),"") -> 0.36027631 | I36: =IF(ISNUMBER(C36),C36*$C$9+$C$11,"") -> 1.5813062e+10 | J36: =IF(ISNUMBER(C36),$C$19+$C$20/$C$8*G36+$C$21/$C$16*C36+$C$17*C36,"") -> 12246808749 | K36: =IF(ISNUMBER(C36),J36/I36,"") -> 0.7744742 | L36: =IF(ISNUMBER(C36),$C$22+$C$23/$C$8*G36+$C$24/$C$16*C36,"") -> 3.0918616e+09 | M36: =IF(ISNUMBER(C36),L36/I36,"") -> 0.1955258 | N36: =IF(ISNUMBER(C36),$C$25/I36,"") -> 0.23982978 | O36: =IF(ISNUMBER(C36),(I36-J36-L36)/I36,"") -> 0.03 | P36: =IF($Q36<=0,"달성 불가",MAX(0,($C$6+$C$7/$C$8*X36-(1-$B36)*($C$11-원가구조_기준!$C$9))/$Q36)) -> 177832.01 | Q36: =(1-$B36)*$C$9-$C$10 -> 82527.318 | R36: =$C$8 -> 498 | S36: =IF($Q36<=0,0,MAX(0,($C$6+$C$7/$C$8*R36-(1-$B36)*$C$11)/$Q36)) -> 174035.08 | T36: =IF(AND($C$13="O",$C$12>0),MAX($C$8,CEILING((S36)/$C$12,1)),$C$8) -> 498 | U36: =IF($Q36<=0,0,MAX(0,($C$6+$C$7/$C$8*T36-(1-$B36)*$C$11)/$Q36)) -> 174035.08 | V36: =IF(AND($C$13="O",$C$12>0),MAX($C$8,CEILING((U36)/$C$12,1)),$C$8) -> 498 | W36: =IF($Q36<=0,0,MAX(0,($C$6+$C$7/$C$8*V36-(1-$B36)*$C$11)/$Q36)) -> 174035.08 | X36: =IF(AND($C$13="O",$C$12>0),MAX($C$8,CEILING((W36)/$C$12,1)),$C$8) -> 498 | Y36: =IF($Q36<=0,0,MAX(0,($C$6+$C$7/$C$8*X36-(1-$B36)*$C$11)/$Q36)) -> 174035.08
B37: 0.05 | C37: =IF($Q37<=0,"달성 불가",Y37) -> 177951.71 | D37: =IF(ISNUMBER(C37),C37-$C$15,"") -> 33893.617 | E37: =IFERROR((($C$6+$C$7/$C$8*IF(AND($C$13="O",$C$12>0),MAX($C$8,CEILING(($C$14)/$C$12,1)),$C$8)+$C$10*$C$14)/(1-$B37)-$C$11)/$C$14,"") -> 99564.076 | F37: =IF(ISNUMBER(C37),C37/$C$8,"") -> 357.33274 | G37: =IF(ISNUMBER(C37),IF(AND($C$13="O",$C$12>0),MAX($C$8,CEILING((C37)/$C$12,1)),$C$8),"") -> 498 | H37: =IF(AND(ISNUMBER(C37),$C$12>0),C37/($C$12*$C$8),"") -> 0.36838427 | I37: =IF(ISNUMBER(C37),C37*$C$9+$C$11,"") -> 1.6161446e+10 | J37: =IF(ISNUMBER(C37),$C$19+$C$20/$C$8*G37+$C$21/$C$16*C37+$C$17*C37,"") -> 12246808749 | K37: =IF(ISNUMBER(C37),J37/I37,"") -> 0.75777925 | L37: =IF(ISNUMBER(C37),$C$22+$C$23/$C$8*G37+$C$24/$C$16*C37,"") -> 3.1065653e+09 | M37: =IF(ISNUMBER(C37),L37/I37,"") -> 0.19222075 | N37: =IF(ISNUMBER(C37),$C$25/I37,"") -> 0.23465989 | O37: =IF(ISNUMBER(C37),(I37-J37-L37)/I37,"") -> 0.05 | P37: =IF($Q37<=0,"달성 불가",MAX(0,($C$6+$C$7/$C$8*X37-(1-$B37)*($C$11-원가구조_기준!$C$9))/$Q37)) -> 181752.28 | Q37: =(1-$B37)*$C$9-$C$10 -> 80748.318 | R37: =$C$8 -> 498 | S37: =IF($Q37<=0,0,MAX(0,($C$6+$C$7/$C$8*R37-(1-$B37)*$C$11)/$Q37)) -> 177951.71 | T37: =IF(AND($C$13="O",$C$12>0),MAX($C$8,CEILING((S37)/$C$12,1)),$C$8) -> 498 | U37: =IF($Q37<=0,0,MAX(0,($C$6+$C$7/$C$8*T37-(1-$B37)*$C$11)/$Q37)) -> 177951.71 | V37: =IF(AND($C$13="O",$C$12>0),MAX($C$8,CEILING((U37)/$C$12,1)),$C$8) -> 498 | W37: =IF($Q37<=0,0,MAX(0,($C$6+$C$7/$C$8*V37-(1-$B37)*$C$11)/$Q37)) -> 177951.71 | X37: =IF(AND($C$13="O",$C$12>0),MAX($C$8,CEILING((W37)/$C$12,1)),$C$8) -> 498 | Y37: =IF($Q37<=0,0,MAX(0,($C$6+$C$7/$C$8*X37-(1-$B37)*$C$11)/$Q37)) -> 177951.71
B38: 0.08 | C38: =IF($Q38<=0,"달성 불가",Y38) -> 184161.29 | D38: =IF(ISNUMBER(C38),C38-$C$15,"") -> 40103.203 | E38: =IFERROR((($C$6+$C$7/$C$8*IF(AND($C$13="O",$C$12>0),MAX($C$8,CEILING(($C$14)/$C$12,1)),$C$8)+$C$10*$C$14)/(1-$B38)-$C$11)/$C$14,"") -> 102879.3 | F38: =IF(ISNUMBER(C38),C38/$C$8,"") -> 369.80179 | G38: =IF(ISNUMBER(C38),IF(AND($C$13="O",$C$12>0),MAX($C$8,CEILING((C38)/$C$12,1)),$C$8),"") -> 498 | H38: =IF(AND(ISNUMBER(C38),$C$12>0),C38/($C$12*$C$8),"") -> 0.38123896 | I38: =IF(ISNUMBER(C38),C38*$C$9+$C$11,"") -> 1.6713789e+10 | J38: =IF(ISNUMBER(C38),$C$19+$C$20/$C$8*G38+$C$21/$C$16*C38+$C$17*C38,"") -> 12246808749 | K38: =IF(ISNUMBER(C38),J38/I38,"") -> 0.73273682 | L38: =IF(ISNUMBER(C38),$C$22+$C$23/$C$8*G38+$C$24/$C$16*C38,"") -> 3.1298772e+09 | M38: =IF(ISNUMBER(C38),L38/I38,"") -> 0.18726318 | N38: =IF(ISNUMBER(C38),$C$25/I38,"") -> 0.22690506 | O38: =IF(ISNUMBER(C38),(I38-J38-L38)/I38,"") -> 0.08 | P38: =IF($Q38<=0,"달성 불가",MAX(0,($C$6+$C$7/$C$8*X38-(1-$B38)*($C$11-원가구조_기준!$C$9))/$Q38)) -> 187967.64 | Q38: =(1-$B38)*$C$9-$C$10 -> 78079.818 | R38: =$C$8 -> 498 | S38: =IF($Q38<=0,0,MAX(0,($C$6+$C$7/$C$8*R38-(1-$B38)*$C$11)/$Q38)) -> 184161.29 | T38: =IF(AND($C$13="O",$C$12>0),MAX($C$8,CEILING((S38)/$C$12,1)),$C$8) -> 498 | U38: =IF($Q38<=0,0,MAX(0,($C$6+$C$7/$C$8*T38-(1-$B38)*$C$11)/$Q38)) -> 184161.29 | V38: =IF(AND($C$13="O",$C$12>0),MAX($C$8,CEILING((U38)/$C$12,1)),$C$8) -> 498 | W38: =IF($Q38<=0,0,MAX(0,($C$6+$C$7/$C$8*V38-(1-$B38)*$C$11)/$Q38)) -> 184161.29 | X38: =IF(AND($C$13="O",$C$12>0),MAX($C$8,CEILING((W38)/$C$12,1)),$C$8) -> 498 | Y38: =IF($Q38<=0,0,MAX(0,($C$6+$C$7/$C$8*X38-(1-$B38)*$C$11)/$Q38)) -> 184161.29
B39: 0.1 | C39: =IF($Q39<=0,"달성 불가",Y39) -> 188542.32 | D39: =IF(ISNUMBER(C39),C39-$C$15,"") -> 44484.228 | E39: =IFERROR((($C$6+$C$7/$C$8*IF(AND($C$13="O",$C$12>0),MAX($C$8,CEILING(($C$14)/$C$12,1)),$C$8)+$C$10*$C$14)/(1-$B39)-$C$11)/$C$14,"") -> 105212.23 | F39: =IF(ISNUMBER(C39),C39/$C$8,"") -> 378.59903 | G39: =IF(ISNUMBER(C39),IF(AND($C$13="O",$C$12>0),MAX($C$8,CEILING((C39)/$C$12,1)),$C$8),"") -> 498 | H39: =IF(AND(ISNUMBER(C39),$C$12>0),C39/($C$12*$C$8),"") -> 0.39030828 | I39: =IF(ISNUMBER(C39),C39*$C$9+$C$11,"") -> 1.7103481e+10 | J39: =IF(ISNUMBER(C39),$C$19+$C$20/$C$8*G39+$C$21/$C$16*C39+$C$17*C39,"") -> 12246808749 | K39: =IF(ISNUMBER(C39),J39/I39,"") -> 0.71604187 | L39: =IF(ISNUMBER(C39),$C$22+$C$23/$C$8*G39+$C$24/$C$16*C39,"") -> 3.1463244e+09 | M39: =IF(ISNUMBER(C39),L39/I39,"") -> 0.18395813 | N39: =IF(ISNUMBER(C39),$C$25/I39,"") -> 0.22173517 | O39: =IF(ISNUMBER(C39),(I39-J39-L39)/I39,"") -> 0.1 | P39: =IF($Q39<=0,"달성 불가",MAX(0,($C$6+$C$7/$C$8*X39-(1-$B39)*($C$11-원가구조_기준!$C$9))/$Q39)) -> 192352.73 | Q39: =(1-$B39)*$C$9-$C$10 -> 76300.818 | R39: =$C$8 -> 498 | S39: =IF($Q39<=0,0,MAX(0,($C$6+$C$7/$C$8*R39-(1-$B39)*$C$11)/$Q39)) -> 188542.32 | T39: =IF(AND($C$13="O",$C$12>0),MAX($C$8,CEILING((S39)/$C$12,1)),$C$8) -> 498 | U39: =IF($Q39<=0,0,MAX(0,($C$6+$C$7/$C$8*T39-(1-$B39)*$C$11)/$Q39)) -> 188542.32 | V39: =IF(AND($C$13="O",$C$12>0),MAX($C$8,CEILING((U39)/$C$12,1)),$C$8) -> 498 | W39: =IF($Q39<=0,0,MAX(0,($C$6+$C$7/$C$8*V39-(1-$B39)*$C$11)/$Q39)) -> 188542.32 | X39: =IF(AND($C$13="O",$C$12>0),MAX($C$8,CEILING((W39)/$C$12,1)),$C$8) -> 498 | Y39: =IF($Q39<=0,0,MAX(0,($C$6+$C$7/$C$8*X39-(1-$B39)*$C$11)/$Q39)) -> 188542.32
B40: 0.15 | C40: =IF($Q40<=0,"달성 불가",Y40) -> 200443.98 | D40: =IF(ISNUMBER(C40),C40-$C$15,"") -> 56385.892 | E40: =IFERROR((($C$6+$C$7/$C$8*IF(AND($C$13="O",$C$12>0),MAX($C$8,CEILING(($C$14)/$C$12,1)),$C$8)+$C$10*$C$14)/(1-$B40)-$C$11)/$C$14,"") -> 111524.87 | F40: =IF(ISNUMBER(C40),C40/$C$8,"") -> 402.49795 | G40: =IF(ISNUMBER(C40),IF(AND($C$13="O",$C$12>0),MAX($C$8,CEILING((C40)/$C$12,1)),$C$8),"") -> 498 | H40: =IF(AND(ISNUMBER(C40),$C$12>0),C40/($C$12*$C$8),"") -> 0.41494634 | I40: =IF(ISNUMBER(C40),C40*$C$9+$C$11,"") -> 1.8162134e+10 | J40: =IF(ISNUMBER(C40),$C$19+$C$20/$C$8*G40+$C$21/$C$16*C40+$C$17*C40,"") -> 12246808749 | K40: =IF(ISNUMBER(C40),J40/I40,"") -> 0.67430449 | L40: =IF(ISNUMBER(C40),$C$22+$C$23/$C$8*G40+$C$24/$C$16*C40,"") -> 3.1910054e+09 | M40: =IF(ISNUMBER(C40),L40/I40,"") -> 0.17569551 | N40: =IF(ISNUMBER(C40),$C$25/I40,"") -> 0.20881044 | O40: =IF(ISNUMBER(C40),(I40-J40-L40)/I40,"") -> 0.15 | P40: =IF($Q40<=0,"달성 불가",MAX(0,($C$6+$C$7/$C$8*X40-(1-$B40)*($C$11-원가구조_기준!$C$9))/$Q40)) -> 204265.46 | Q40: =(1-$B40)*$C$9-$C$10 -> 71853.318 | R40: =$C$8 -> 498 | S40: =IF($Q40<=0,0,MAX(0,($C$6+$C$7/$C$8*R40-(1-$B40)*$C$11)/$Q40)) -> 200443.98 | T40: =IF(AND($C$13="O",$C$12>0),MAX($C$8,CEILING((S40)/$C$12,1)),$C$8) -> 498 | U40: =IF($Q40<=0,0,MAX(0,($C$6+$C$7/$C$8*T40-(1-$B40)*$C$11)/$Q40)) -> 200443.98 | V40: =IF(AND($C$13="O",$C$12>0),MAX($C$8,CEILING((U40)/$C$12,1)),$C$8) -> 498 | W40: =IF($Q40<=0,0,MAX(0,($C$6+$C$7/$C$8*V40-(1-$B40)*$C$11)/$Q40)) -> 200443.98 | X40: =IF(AND($C$13="O",$C$12>0),MAX($C$8,CEILING((W40)/$C$12,1)),$C$8) -> 498 | Y40: =IF($Q40<=0,0,MAX(0,($C$6+$C$7/$C$8*X40-(1-$B40)*$C$11)/$Q40)) -> 200443.98
B41: =$C$18 -> 0.15 | C41: =IF($Q41<=0,"달성 불가",Y41) -> 200443.98 | D41: =IF(ISNUMBER(C41),C41-$C$15,"") -> 56385.892 | E41: =IFERROR((($C$6+$C$7/$C$8*IF(AND($C$13="O",$C$12>0),MAX($C$8,CEILING(($C$14)/$C$12,1)),$C$8)+$C$10*$C$14)/(1-$B41)-$C$11)/$C$14,"") -> 111524.87 | F41: =IF(ISNUMBER(C41),C41/$C$8,"") -> 402.49795 | G41: =IF(ISNUMBER(C41),IF(AND($C$13="O",$C$12>0),MAX($C$8,CEILING((C41)/$C$12,1)),$C$8),"") -> 498 | H41: =IF(AND(ISNUMBER(C41),$C$12>0),C41/($C$12*$C$8),"") -> 0.41494634 | I41: =IF(ISNUMBER(C41),C41*$C$9+$C$11,"") -> 1.8162134e+10 | J41: =IF(ISNUMBER(C41),$C$19+$C$20/$C$8*G41+$C$21/$C$16*C41+$C$17*C41,"") -> 12246808749 | K41: =IF(ISNUMBER(C41),J41/I41,"") -> 0.67430449 | L41: =IF(ISNUMBER(C41),$C$22+$C$23/$C$8*G41+$C$24/$C$16*C41,"") -> 3.1910054e+09 | M41: =IF(ISNUMBER(C41),L41/I41,"") -> 0.17569551 | N41: =IF(ISNUMBER(C41),$C$25/I41,"") -> 0.20881044 | O41: =IF(ISNUMBER(C41),(I41-J41-L41)/I41,"") -> 0.15 | P41: =IF($Q41<=0,"달성 불가",MAX(0,($C$6+$C$7/$C$8*X41-(1-$B41)*($C$11-원가구조_기준!$C$9))/$Q41)) -> 204265.46 | Q41: =(1-$B41)*$C$9-$C$10 -> 71853.318 | R41: =$C$8 -> 498 | S41: =IF($Q41<=0,0,MAX(0,($C$6+$C$7/$C$8*R41-(1-$B41)*$C$11)/$Q41)) -> 200443.98 | T41: =IF(AND($C$13="O",$C$12>0),MAX($C$8,CEILING((S41)/$C$12,1)),$C$8) -> 498 | U41: =IF($Q41<=0,0,MAX(0,($C$6+$C$7/$C$8*T41-(1-$B41)*$C$11)/$Q41)) -> 200443.98 | V41: =IF(AND($C$13="O",$C$12>0),MAX($C$8,CEILING((U41)/$C$12,1)),$C$8) -> 498 | W41: =IF($Q41<=0,0,MAX(0,($C$6+$C$7/$C$8*V41-(1-$B41)*$C$11)/$Q41)) -> 200443.98 | X41: =IF(AND($C$13="O",$C$12>0),MAX($C$8,CEILING((W41)/$C$12,1)),$C$8) -> 498 | Y41: =IF($Q41<=0,0,MAX(0,($C$6+$C$7/$C$8*X41-(1-$B41)*$C$11)/$Q41)) -> 200443.98
B42: 필요 운임 = ((F + SV·항차(Q현재) + v·Q현재) ÷ (1−r) − O) ÷ Q현재 · 운항원가·판관비는 원가 구성표의 포함·성격을 따라 승객수로 다시 세운 값 · 영업이익률(검증) = 목표값과 같아야 한다 | P42: 화물 제외 = 여객 외 수입 O 에서 화물수입을 뺀 값으로 같은 식을 다시 푼 필요 승객수. 화물 선적율 가정이 통째로 빗나갔을 때 몇 명을 더 태워야 하는가. 항차는 화물 포함 해의 수렴값을 그대로 쓴다.
B44: 설정 목표 기준 | C44: 값 | D44: 비교
B45: 필요 승객수 | C45: =C41 -> 200443.98 | D45: =IF(ISNUMBER(C41),"실적 "&TEXT($C$15,"#,##0")&"명 대비 "&TEXT(C41/$C$15-1,"+0.0%;-0.0%"),"운임 ≤ 변동비") -> 실적 144,058명 대비 +39.1%
B46: 필요 운임 | C46: =E41 -> 111524.87 | D46: ="승객 "&TEXT($C$14,"#,##0")&"명 고정 시 · 현재 대비 "&TEXT(E41/$C$9-1,"+0.0%;-0.0%") -> 승객 158,197명 고정 시 · 현재 대비 +25.4%
B47: 필요 매출액 | C47: =I41 -> 1.8162134e+10 | D47: =IF(ISNUMBER(I41),"현재 설정 "&TEXT($C$29/1000000,"#,##0")&"백만 대비 "&TEXT(I41/$C$29-1,"+0.0%;-0.0%"),"") -> 현재 설정 14,404백만 대비 +26.1%
B48: 허용 총비용 | C48: =IF(ISNUMBER(C41),J41+L41,"") -> 1.5437814e+10 | D48: =IF(ISNUMBER(C41),"영업이익 "&TEXT((I41-J41-L41)/1000000,"#,##0")&"백만 확보","") -> 영업이익 2,724백만 확보
B50: B. 대조 선박 — 하카타 항로 투입 시나리오
B51: 모형 입력 | C51: 값 | D51: 근거
B52: 고정비 F | C52: =대조선박_손익!$F$115 -> 4187304311 | D52: 대조선박_손익 5
B53: 준변동비 SV | C53: =대조선박_손익!$G$115 -> 1.2921944e+10
B54: 설정 항차 | C54: =설정값!$D$43 -> 600
B55: 실현 단가 P | C55: =대조선박_손익!$C$23 -> 120000
B56: 승객 1인 변동비 v | C56: =원가구조_기준!$C$74 -> 3754.1815 | D56: 기준 자료와 같은 v
B57: 여객 외 수입 O | C57: =대조선박_손익!$C$32 -> 1184277600 | D57: 화물 시뮬레이션 + 임대료
B58: 정원 | C58: =대조선박_손익!$C$7 -> 606
B59: 항차 자동 증가 | C59: =설정값!$D$18 -> X
B60: 현재 승객수 | C60: =대조선박_손익!$C$25 -> 181800 | D60: 승선율 기반
B61: 비교 기준 승객수 | C61: =대조선박_손익!$C$25 -> 181800 | D61: 현재 설정
B62: 변동비 환산 분모 | C62: =원가구조_기준!$C$45 -> 144058.09 | D62: 실적 역산 ( 규칙)
B63: 수동 추가 변동비 | C63: =설정값!$D$17 -> 0
B64: 목표 영업이익률 | C64: =설정값!$D$44 -> 0.15
B65: 운항원가 — 고정 | C65: =대조선박_손익!$F$116 -> 1748802000
B66: 운항원가 — 준변동 | C66: =대조선박_손익!$G$116 -> 1.2921944e+10
B67: 운항원가 — 변동 | C67: =대조선박_손익!$H$116 -> 0
B68: 판관비 — 고정 | C68: =대조선박_손익!$F$117 -> 2438502311
B69: 판관비 — 준변동 | C69: =대조선박_손익!$G$117 -> 0
B70: 판관비 — 변동 | C70: =대조선박_손익!$H$117 -> 540820215
B71: 전사 인건비 | C71: =대조선박_손익!$C$34+대조선박_손익!$C$35 -> 3792443250 | D71: 운항 인건비 × hR + 대조 판관 급여
B72: 현재 설정 승객수에서
B73: 항목 | C73: 값
B74: 적용 항차 | C74: =IF(AND($C$59="O",$C$58>0),MAX($C$54,CEILING(($C$60)/$C$58,1)),$C$54) -> 600
B75: 매출액 | C75: =$C$60*$C$55+$C$57 -> 23000277600
B76: 총비용 | C76: =($C$52+$C$53/$C$54*(IF(AND($C$59="O",$C$58>0),MAX($C$54,CEILING(($C$60)/$C$58,1)),$C$54))+$C$56*($C$60)) -> 1.7791758e+10
B77: 영업이익 | C77: =$C$75-$C$76 -> 5.2085192e+09
B78: 영업이익률 | C78: =IFERROR($C$77/$C$75,0) -> 0.22645462
Q79: 반복계산 보조 — "항차 자동 증가"가 O일 때 승객수가 항차를 밀어 올리면 다시 푼다 ( qFor 과 같은 절차)
B80: 목표 영업이익률 | C80: 필요 승객수 | D80: 현재 대비(명) | E80: 필요 운임 (현재 승객 고정) | F80: 항차당 승객 | G80: 적용 항차 | H80: 승선율 | I80: 매출액 | J80: 운항원가 | K80: 운항원가율 | L80: 판관비 | M80: 판관비율 | N80: 전사 인건비율 | O80: 영업이익률 (검증) | P80: 필요 승객수 — 화물 제외 | Q80: 분모 (1−r)P−v | R80: 항차0 | S80: Q0 | T80: 항차1 | U80: Q1 | V80: 항차2 | W80: Q2 | X80: 항차3 | Y80: Q3
B81: 0 | C81: =IF($Q81<=0,"달성 불가",Y81) -> 136993.92 | D81: =IF(ISNUMBER(C81),C81-$C$61,"") -> -44806.078 | E81: =IFERROR((($C$52+$C$53/$C$54*IF(AND($C$59="O",$C$58>0),MAX($C$54,CEILING(($C$60)/$C$58,1)),$C$54)+$C$56*$C$60)/(1-$B81)-$C$57)/$C$60,"") -> 91350.279 | F81: =IF(ISNUMBER(C81),C81/$C$54,"") -> 228.3232 | G81: =IF(ISNUMBER(C81),IF(AND($C$59="O",$C$58>0),MAX($C$54,CEILING((C81)/$C$58,1)),$C$54),"") -> 600 | H81: =IF(AND(ISNUMBER(C81),$C$58>0),C81/($C$58*$C$54),"") -> 0.37677096 | I81: =IF(ISNUMBER(C81),C81*$C$55+$C$57,"") -> 1.7623548e+10 | J81: =IF(ISNUMBER(C81),$C$65+$C$66/$C$54*G81+$C$67/$C$62*C81+$C$63*C81,"") -> 1.4670746e+10 | K81: =IF(ISNUMBER(C81),J81/I81,"") -> 0.83245131 | L81: =IF(ISNUMBER(C81),$C$68+$C$69/$C$54*G81+$C$70/$C$62*C81,"") -> 2.9528024e+09 | M81: =IF(ISNUMBER(C81),L81/I81,"") -> 0.16754869 | N81: =IF(ISNUMBER(C81),$C$71/I81,"") -> 0.21519181 | O81: =IF(ISNUMBER(C81),(I81-J81-L81)/I81,"") -> -5.4113638e-17 | P81: =IF($Q81<=0,"달성 불가",MAX(0,($C$52+$C$53/$C$54*X81-(1-$B81)*($C$57-대조선박_손익!$C$50))/$Q81)) -> 147181.62 | Q81: =(1-$B81)*$C$55-$C$56 -> 116245.82 | R81: =$C$54 -> 600 | S81: =IF($Q81<=0,0,MAX(0,($C$52+$C$53/$C$54*R81-(1-$B81)*$C$57)/$Q81)) -> 136993.92 | T81: =IF(AND($C$59="O",$C$58>0),MAX($C$54,CEILING((S81)/$C$58,1)),$C$54) -> 600 | U81: =IF($Q81<=0,0,MAX(0,($C$52+$C$53/$C$54*T81-(1-$B81)*$C$57)/$Q81)) -> 136993.92 | V81: =IF(AND($C$59="O",$C$58>0),MAX($C$54,CEILING((U81)/$C$58,1)),$C$54) -> 600 | W81: =IF($Q81<=0,0,MAX(0,($C$52+$C$53/$C$54*V81-(1-$B81)*$C$57)/$Q81)) -> 136993.92 | X81: =IF(AND($C$59="O",$C$58>0),MAX($C$54,CEILING((W81)/$C$58,1)),$C$54) -> 600 | Y81: =IF($Q81<=0,0,MAX(0,($C$52+$C$53/$C$54*X81-(1-$B81)*$C$57)/$Q81)) -> 136993.92
B82: 0.03 | C82: =IF($Q82<=0,"달성 불가",Y82) -> 141687.45 | D82: =IF(ISNUMBER(C82),C82-$C$61,"") -> -40112.549 | E82: =IFERROR((($C$52+$C$53/$C$54*IF(AND($C$59="O",$C$58>0),MAX($C$54,CEILING(($C$60)/$C$58,1)),$C$54)+$C$56*$C$60)/(1-$B82)-$C$57)/$C$60,"") -> 94377.015 | F82: =IF(ISNUMBER(C82),C82/$C$54,"") -> 236.14575 | G82: =IF(ISNUMBER(C82),IF(AND($C$59="O",$C$58>0),MAX($C$54,CEILING((C82)/$C$58,1)),$C$54),"") -> 600 | H82: =IF(AND(ISNUMBER(C82),$C$58>0),C82/($C$58*$C$54),"") -> 0.38967946 | I82: =IF(ISNUMBER(C82),C82*$C$55+$C$57,"") -> 1.8186772e+10 | J82: =IF(ISNUMBER(C82),$C$65+$C$66/$C$54*G82+$C$67/$C$62*C82+$C$63*C82,"") -> 1.4670746e+10 | K82: =IF(ISNUMBER(C82),J82/I82,"") -> 0.80667125 | L82: =IF(ISNUMBER(C82),$C$68+$C$69/$C$54*G82+$C$70/$C$62*C82,"") -> 2.9704227e+09 | M82: =IF(ISNUMBER(C82),L82/I82,"") -> 0.16332875 | N82: =IF(ISNUMBER(C82),$C$71/I82,"") -> 0.20852757 | O82: =IF(ISNUMBER(C82),(I82-J82-L82)/I82,"") -> 0.03 | P82: =IF($Q82<=0,"달성 불가",MAX(0,($C$52+$C$53/$C$54*X82-(1-$B82)*($C$57-대조선박_손익!$C$50))/$Q82)) -> 151885.34 | Q82: =(1-$B82)*$C$55-$C$56 -> 112645.82 | R82: =$C$54 -> 600 | S82: =IF($Q82<=0,0,MAX(0,($C$52+$C$53/$C$54*R82-(1-$B82)*$C$57)/$Q82)) -> 141687.45 | T82: =IF(AND($C$59="O",$C$58>0),MAX($C$54,CEILING((S82)/$C$58,1)),$C$54) -> 600 | U82: =IF($Q82<=0,0,MAX(0,($C$52+$C$53/$C$54*T82-(1-$B82)*$C$57)/$Q82)) -> 141687.45 | V82: =IF(AND($C$59="O",$C$58>0),MAX($C$54,CEILING((U82)/$C$58,1)),$C$54) -> 600 | W82: =IF($Q82<=0,0,MAX(0,($C$52+$C$53/$C$54*V82-(1-$B82)*$C$57)/$Q82)) -> 141687.45 | X82: =IF(AND($C$59="O",$C$58>0),MAX($C$54,CEILING((W82)/$C$58,1)),$C$54) -> 600 | Y82: =IF($Q82<=0,0,MAX(0,($C$52+$C$53/$C$54*X82-(1-$B82)*$C$57)/$Q82)) -> 141687.45
B83: 0.05 | C83: =IF($Q83<=0,"달성 불가",Y83) -> 144986.76 | D83: =IF(ISNUMBER(C83),C83-$C$61,"") -> -36813.236 | E83: =IFERROR((($C$52+$C$53/$C$54*IF(AND($C$59="O",$C$58>0),MAX($C$54,CEILING(($C$60)/$C$58,1)),$C$54)+$C$56*$C$60)/(1-$B83)-$C$57)/$C$60,"") -> 96501.04 | F83: =IF(ISNUMBER(C83),C83/$C$54,"") -> 241.64461 | G83: =IF(ISNUMBER(C83),IF(AND($C$59="O",$C$58>0),MAX($C$54,CEILING((C83)/$C$58,1)),$C$54),"") -> 600 | H83: =IF(AND(ISNUMBER(C83),$C$58>0),C83/($C$58*$C$54),"") -> 0.39875348 | I83: =IF(ISNUMBER(C83),C83*$C$55+$C$57,"") -> 1.8582689e+10 | J83: =IF(ISNUMBER(C83),$C$65+$C$66/$C$54*G83+$C$67/$C$62*C83+$C$63*C83,"") -> 1.4670746e+10 | K83: =IF(ISNUMBER(C83),J83/I83,"") -> 0.78948454 | L83: =IF(ISNUMBER(C83),$C$68+$C$69/$C$54*G83+$C$70/$C$62*C83,"") -> 2.9828089e+09 | M83: =IF(ISNUMBER(C83),L83/I83,"") -> 0.16051546 | N83: =IF(ISNUMBER(C83),$C$71/I83,"") -> 0.20408474 | O83: =IF(ISNUMBER(C83),(I83-J83-L83)/I83,"") -> 0.05 | P83: =IF($Q83<=0,"달성 불가",MAX(0,($C$52+$C$53/$C$54*X83-(1-$B83)*($C$57-대조선박_손익!$C$50))/$Q83)) -> 155191.81 | Q83: =(1-$B83)*$C$55-$C$56 -> 110245.82 | R83: =$C$54 -> 600 | S83: =IF($Q83<=0,0,MAX(0,($C$52+$C$53/$C$54*R83-(1-$B83)*$C$57)/$Q83)) -> 144986.76 | T83: =IF(AND($C$59="O",$C$58>0),MAX($C$54,CEILING((S83)/$C$58,1)),$C$54) -> 600 | U83: =IF($Q83<=0,0,MAX(0,($C$52+$C$53/$C$54*T83-(1-$B83)*$C$57)/$Q83)) -> 144986.76 | V83: =IF(AND($C$59="O",$C$58>0),MAX($C$54,CEILING((U83)/$C$58,1)),$C$54) -> 600 | W83: =IF($Q83<=0,0,MAX(0,($C$52+$C$53/$C$54*V83-(1-$B83)*$C$57)/$Q83)) -> 144986.76 | X83: =IF(AND($C$59="O",$C$58>0),MAX($C$54,CEILING((W83)/$C$58,1)),$C$54) -> 600 | Y83: =IF($Q83<=0,0,MAX(0,($C$52+$C$53/$C$54*X83-(1-$B83)*$C$57)/$Q83)) -> 144986.76
B84: 0.08 | C84: =IF($Q84<=0,"달성 불가",Y84) -> 150214.17 | D84: =IF(ISNUMBER(C84),C84-$C$61,"") -> -31585.833 | E84: =IFERROR((($C$52+$C$53/$C$54*IF(AND($C$59="O",$C$58>0),MAX($C$54,CEILING(($C$60)/$C$58,1)),$C$54)+$C$56*$C$60)/(1-$B84)-$C$57)/$C$60,"") -> 99860.232 | F84: =IF(ISNUMBER(C84),C84/$C$54,"") -> 250.35694 | G84: =IF(ISNUMBER(C84),IF(AND($C$59="O",$C$58>0),MAX($C$54,CEILING((C84)/$C$58,1)),$C$54),"") -> 600 | H84: =IF(AND(ISNUMBER(C84),$C$58>0),C84/($C$58*$C$54),"") -> 0.41313027 | I84: =IF(ISNUMBER(C84),C84*$C$55+$C$57,"") -> 1.9209978e+10 | J84: =IF(ISNUMBER(C84),$C$65+$C$66/$C$54*G84+$C$67/$C$62*C84+$C$63*C84,"") -> 1.4670746e+10 | K84: =IF(ISNUMBER(C84),J84/I84,"") -> 0.76370447 | L84: =IF(ISNUMBER(C84),$C$68+$C$69/$C$54*G84+$C$70/$C$62*C84,"") -> 3.0024336e+09 | M84: =IF(ISNUMBER(C84),L84/I84,"") -> 0.15629553 | N84: =IF(ISNUMBER(C84),$C$71/I84,"") -> 0.19742049 | O84: =IF(ISNUMBER(C84),(I84-J84-L84)/I84,"") -> 0.08 | P84: =IF($Q84<=0,"달성 불가",MAX(0,($C$52+$C$53/$C$54*X84-(1-$B84)*($C$57-대조선박_손익!$C$50))/$Q84)) -> 160430.56 | Q84: =(1-$B84)*$C$55-$C$56 -> 106645.82 | R84: =$C$54 -> 600 | S84: =IF($Q84<=0,0,MAX(0,($C$52+$C$53/$C$54*R84-(1-$B84)*$C$57)/$Q84)) -> 150214.17 | T84: =IF(AND($C$59="O",$C$58>0),MAX($C$54,CEILING((S84)/$C$58,1)),$C$54) -> 600 | U84: =IF($Q84<=0,0,MAX(0,($C$52+$C$53/$C$54*T84-(1-$B84)*$C$57)/$Q84)) -> 150214.17 | V84: =IF(AND($C$59="O",$C$58>0),MAX($C$54,CEILING((U84)/$C$58,1)),$C$54) -> 600 | W84: =IF($Q84<=0,0,MAX(0,($C$52+$C$53/$C$54*V84-(1-$B84)*$C$57)/$Q84)) -> 150214.17 | X84: =IF(AND($C$59="O",$C$58>0),MAX($C$54,CEILING((W84)/$C$58,1)),$C$54) -> 600 | Y84: =IF($Q84<=0,0,MAX(0,($C$52+$C$53/$C$54*X84-(1-$B84)*$C$57)/$Q84)) -> 150214.17
B85: 0.1 | C85: =IF($Q85<=0,"달성 불가",Y85) -> 153899.68 | D85: =IF(ISNUMBER(C85),C85-$C$61,"") -> -27900.318 | E85: =IFERROR((($C$52+$C$53/$C$54*IF(AND($C$59="O",$C$58>0),MAX($C$54,CEILING(($C$60)/$C$58,1)),$C$54)+$C$56*$C$60)/(1-$B85)-$C$57)/$C$60,"") -> 102224.11 | F85: =IF(ISNUMBER(C85),C85/$C$54,"") -> 256.49947 | G85: =IF(ISNUMBER(C85),IF(AND($C$59="O",$C$58>0),MAX($C$54,CEILING((C85)/$C$58,1)),$C$54),"") -> 600 | H85: =IF(AND(ISNUMBER(C85),$C$58>0),C85/($C$58*$C$54),"") -> 0.42326645 | I85: =IF(ISNUMBER(C85),C85*$C$55+$C$57,"") -> 1.9652239e+10 | J85: =IF(ISNUMBER(C85),$C$65+$C$66/$C$54*G85+$C$67/$C$62*C85+$C$63*C85,"") -> 1.4670746e+10 | K85: =IF(ISNUMBER(C85),J85/I85,"") -> 0.74651776 | L85: =IF(ISNUMBER(C85),$C$68+$C$69/$C$54*G85+$C$70/$C$62*C85,"") -> 3.0162697e+09 | M85: =IF(ISNUMBER(C85),L85/I85,"") -> 0.15348224 | N85: =IF(ISNUMBER(C85),$C$71/I85,"") -> 0.19297766 | O85: =IF(ISNUMBER(C85),(I85-J85-L85)/I85,"") -> 0.1 | P85: =IF($Q85<=0,"달성 불가",MAX(0,($C$52+$C$53/$C$54*X85-(1-$B85)*($C$57-대조선박_손익!$C$50))/$Q85)) -> 164124.07 | Q85: =(1-$B85)*$C$55-$C$56 -> 104245.82 | R85: =$C$54 -> 600 | S85: =IF($Q85<=0,0,MAX(0,($C$52+$C$53/$C$54*R85-(1-$B85)*$C$57)/$Q85)) -> 153899.68 | T85: =IF(AND($C$59="O",$C$58>0),MAX($C$54,CEILING((S85)/$C$58,1)),$C$54) -> 600 | U85: =IF($Q85<=0,0,MAX(0,($C$52+$C$53/$C$54*T85-(1-$B85)*$C$57)/$Q85)) -> 153899.68 | V85: =IF(AND($C$59="O",$C$58>0),MAX($C$54,CEILING((U85)/$C$58,1)),$C$54) -> 600 | W85: =IF($Q85<=0,0,MAX(0,($C$52+$C$53/$C$54*V85-(1-$B85)*$C$57)/$Q85)) -> 153899.68 | X85: =IF(AND($C$59="O",$C$58>0),MAX($C$54,CEILING((W85)/$C$58,1)),$C$54) -> 600 | Y85: =IF($Q85<=0,0,MAX(0,($C$52+$C$53/$C$54*X85-(1-$B85)*$C$57)/$Q85)) -> 153899.68
B86: 0.15 | C86: =IF($Q86<=0,"달성 불가",Y86) -> 163901.25 | D86: =IF(ISNUMBER(C86),C86-$C$61,"") -> -17898.753 | E86: =IFERROR((($C$52+$C$53/$C$54*IF(AND($C$59="O",$C$58>0),MAX($C$54,CEILING(($C$60)/$C$58,1)),$C$54)+$C$56*$C$60)/(1-$B86)-$C$57)/$C$60,"") -> 108620.48 | F86: =IF(ISNUMBER(C86),C86/$C$54,"") -> 273.16875 | G86: =IF(ISNUMBER(C86),IF(AND($C$59="O",$C$58>0),MAX($C$54,CEILING((C86)/$C$58,1)),$C$54),"") -> 600 | H86: =IF(AND(ISNUMBER(C86),$C$58>0),C86/($C$58*$C$54),"") -> 0.45077351 | I86: =IF(ISNUMBER(C86),C86*$C$55+$C$57,"") -> 2.0852427e+10 | J86: =IF(ISNUMBER(C86),$C$65+$C$66/$C$54*G86+$C$67/$C$62*C86+$C$63*C86,"") -> 1.4670746e+10 | K86: =IF(ISNUMBER(C86),J86/I86,"") -> 0.70355099 | L86: =IF(ISNUMBER(C86),$C$68+$C$69/$C$54*G86+$C$70/$C$62*C86,"") -> 3.0538173e+09 | M86: =IF(ISNUMBER(C86),L86/I86,"") -> 0.14644901 | N86: =IF(ISNUMBER(C86),$C$71/I86,"") -> 0.18187059 | O86: =IF(ISNUMBER(C86),(I86-J86-L86)/I86,"") -> 0.15 | P86: =IF($Q86<=0,"달성 불가",MAX(0,($C$52+$C$53/$C$54*X86-(1-$B86)*($C$57-대조선박_손익!$C$50))/$Q86)) -> 174147.34 | Q86: =(1-$B86)*$C$55-$C$56 -> 98245.818 | R86: =$C$54 -> 600 | S86: =IF($Q86<=0,0,MAX(0,($C$52+$C$53/$C$54*R86-(1-$B86)*$C$57)/$Q86)) -> 163901.25 | T86: =IF(AND($C$59="O",$C$58>0),MAX($C$54,CEILING((S86)/$C$58,1)),$C$54) -> 600 | U86: =IF($Q86<=0,0,MAX(0,($C$52+$C$53/$C$54*T86-(1-$B86)*$C$57)/$Q86)) -> 163901.25 | V86: =IF(AND($C$59="O",$C$58>0),MAX($C$54,CEILING((U86)/$C$58,1)),$C$54) -> 600 | W86: =IF($Q86<=0,0,MAX(0,($C$52+$C$53/$C$54*V86-(1-$B86)*$C$57)/$Q86)) -> 163901.25 | X86: =IF(AND($C$59="O",$C$58>0),MAX($C$54,CEILING((W86)/$C$58,1)),$C$54) -> 600 | Y86: =IF($Q86<=0,0,MAX(0,($C$52+$C$53/$C$54*X86-(1-$B86)*$C$57)/$Q86)) -> 163901.25
B87: =$C$64 -> 0.15 | C87: =IF($Q87<=0,"달성 불가",Y87) -> 163901.25 | D87: =IF(ISNUMBER(C87),C87-$C$61,"") -> -17898.753 | E87: =IFERROR((($C$52+$C$53/$C$54*IF(AND($C$59="O",$C$58>0),MAX($C$54,CEILING(($C$60)/$C$58,1)),$C$54)+$C$56*$C$60)/(1-$B87)-$C$57)/$C$60,"") -> 108620.48 | F87: =IF(ISNUMBER(C87),C87/$C$54,"") -> 273.16875 | G87: =IF(ISNUMBER(C87),IF(AND($C$59="O",$C$58>0),MAX($C$54,CEILING((C87)/$C$58,1)),$C$54),"") -> 600 | H87: =IF(AND(ISNUMBER(C87),$C$58>0),C87/($C$58*$C$54),"") -> 0.45077351 | I87: =IF(ISNUMBER(C87),C87*$C$55+$C$57,"") -> 2.0852427e+10 | J87: =IF(ISNUMBER(C87),$C$65+$C$66/$C$54*G87+$C$67/$C$62*C87+$C$63*C87,"") -> 1.4670746e+10 | K87: =IF(ISNUMBER(C87),J87/I87,"") -> 0.70355099 | L87: =IF(ISNUMBER(C87),$C$68+$C$69/$C$54*G87+$C$70/$C$62*C87,"") -> 3.0538173e+09 | M87: =IF(ISNUMBER(C87),L87/I87,"") -> 0.14644901 | N87: =IF(ISNUMBER(C87),$C$71/I87,"") -> 0.18187059 | O87: =IF(ISNUMBER(C87),(I87-J87-L87)/I87,"") -> 0.15 | P87: =IF($Q87<=0,"달성 불가",MAX(0,($C$52+$C$53/$C$54*X87-(1-$B87)*($C$57-대조선박_손익!$C$50))/$Q87)) -> 174147.34 | Q87: =(1-$B87)*$C$55-$C$56 -> 98245.818 | R87: =$C$54 -> 600 | S87: =IF($Q87<=0,0,MAX(0,($C$52+$C$53/$C$54*R87-(1-$B87)*$C$57)/$Q87)) -> 163901.25 | T87: =IF(AND($C$59="O",$C$58>0),MAX($C$54,CEILING((S87)/$C$58,1)),$C$54) -> 600 | U87: =IF($Q87<=0,0,MAX(0,($C$52+$C$53/$C$54*T87-(1-$B87)*$C$57)/$Q87)) -> 163901.25 | V87: =IF(AND($C$59="O",$C$58>0),MAX($C$54,CEILING((U87)/$C$58,1)),$C$54) -> 600 | W87: =IF($Q87<=0,0,MAX(0,($C$52+$C$53/$C$54*V87-(1-$B87)*$C$57)/$Q87)) -> 163901.25 | X87: =IF(AND($C$59="O",$C$58>0),MAX($C$54,CEILING((W87)/$C$58,1)),$C$54) -> 600 | Y87: =IF($Q87<=0,0,MAX(0,($C$52+$C$53/$C$54*X87-(1-$B87)*$C$57)/$Q87)) -> 163901.25
B88: 필요 운임 = ((F + SV·항차(Q현재) + v·Q현재) ÷ (1−r) − O) ÷ Q현재 · 운항원가·판관비는 원가 구성표의 포함·성격을 따라 승객수로 다시 세운 값 · 영업이익률(검증) = 목표값과 같아야 한다 | P88: 화물 제외 = 화물 시뮬레이션 수입을 뺀 O 로 다시 푼 필요 승객수. 대조 선박은 화물이 매출의 12%라 화물이 빠지면 필요 승객수가 크게 뛴다.
B90: 설정 목표 기준 | C90: 값 | D90: 비교
B91: 필요 승객수 | C91: =C87 -> 163901.25 | D91: =IF(ISNUMBER(C87),"현재 "&TEXT($C$61,"#,##0")&"명 대비 "&TEXT(C87/$C$61-1,"+0.0%;-0.0%"),"운임 ≤ 변동비") -> 현재 181,800명 대비 -9.8%
B92: 필요 운임 | C92: =E87 -> 108620.48 | D92: ="승객 "&TEXT($C$60,"#,##0")&"명 고정 시 · 현재 대비 "&TEXT(E87/$C$55-1,"+0.0%;-0.0%") -> 승객 181,800명 고정 시 · 현재 대비 -9.5%
B93: 필요 매출액 | C93: =I87 -> 2.0852427e+10 | D93: =IF(ISNUMBER(I87),"현재 설정 "&TEXT($C$75/1000000,"#,##0")&"백만 대비 "&TEXT(I87/$C$75-1,"+0.0%;-0.0%"),"") -> 현재 설정 23,000백만 대비 -9.3%
B94: 허용 총비용 | C94: =IF(ISNUMBER(C87),J87+L87,"") -> 1.7724563e+10 | D94: =IF(ISNUMBER(C87),"영업이익 "&TEXT((I87-J87-L87)/1000000,"#,##0")&"백만 확보","") -> 영업이익 3,128백만 확보
B96: C. 비교선 — 실적 2024 (대저페리 3기)
B97: 구분 | C97: 매출액 | D97: 운항원가 | E97: 운항원가율 | F97: 판관비 | G97: 판관비율 | H97: 전사 인건비율 | I97: 영업이익률
B98: 실적 2024 | C98: =원가구조_기준!$C$7 -> 13146609166 | D98: =원가구조_기준!$C$11 -> 12246808749 | E98: =D98/C98 -> 0.93155646 | F98: =원가구조_기준!$C$12 -> 2979322526 | G98: =F98/C98 -> 0.22662289 | H98: =원가구조_기준!$C$21/C98 -> 0.28847311 | I98: =원가구조_기준!$C$13/C98 -> -0.15817935
B99: 대조 — 현재 설정 | C99: =대조선박_손익!$C$48 -> 23000277600 | D99: =대조선박_손익!$C$52 -> 1.4670746e+10 | E99: =D99/C99 -> 0.63785082 | F99: =대조선박_손익!$C$66 -> 3.1210125e+09 | G99: =F99/C99 -> 0.13569456 | H99: =(대조선박_손익!$C$34+대조선박_손익!$C$35)/C99 -> 0.16488685 | I99: =IFERROR((대조선박_손익!$C$87)/C99,0) -> 0.22645462
B100: 대조 현재 설정 행은 대조선박_손익 시트의 손익계산서 값 (전 항목 포함 기준).

Sheet CVP_손익분기
B1: 승객수–손익 구조 (CVP)
B2: 가로축 승객수 · 세로축 금액(백만원) · 매출선과 총비용선이 만나는 자리가 손익분기
B4: A. 참조 — 대저페리 3기 | G4: B. 대조 선박
B5: 표시점 | C5: 승객수 | D5: 매출(백만) | E5: 총비용(백만) | G5: 표시점 | H5: 승객수 | I5: 매출(백만) | J5: 총비용(백만)
B6: 손익분기 | C6: =IF(ISNUMBER(목표이익률_지표!$C$35),목표이익률_지표!$C$35,"") -> 168466.82 | D6: =IF(ISNUMBER(C6),(C6*목표이익률_지표!$C$9+목표이익률_지표!$C$11)/1000000,"") -> 15317.766 | E6: =IF(ISNUMBER(C6),(목표이익률_지표!$C$6+목표이익률_지표!$C$7/목표이익률_지표!$C$8*IF(AND(목표이익률_지표!$C$13="O",목표이익률_지표!$C$12>0),MAX(목표이익률_지표!$C$8,CEILING(C6/목표이익률_지표!$C$12,1)),목표이익률_지표!$C$8)+목표이익률_지표!$C$10*C6)/1000000,"") -> 15317.766 | G6: 손익분기 | H6: =IF(ISNUMBER(목표이익률_지표!$C$81),목표이익률_지표!$C$81,"") -> 136993.92 | I6: =IF(ISNUMBER(H6),(H6*목표이익률_지표!$C$55+목표이익률_지표!$C$57)/1000000,"") -> 17623.548 | J6: =IF(ISNUMBER(H6),(목표이익률_지표!$C$52+목표이익률_지표!$C$53/목표이익률_지표!$C$54*IF(AND(목표이익률_지표!$C$59="O",목표이익률_지표!$C$58>0),MAX(목표이익률_지표!$C$54,CEILING(H6/목표이익률_지표!$C$58,1)),목표이익률_지표!$C$54)+목표이익률_지표!$C$56*H6)/1000000,"") -> 17623.548
B7: 목표 도달 | C7: =IF(ISNUMBER(목표이익률_지표!$C$41),목표이익률_지표!$C$41,"") -> 200443.98 | D7: =IF(ISNUMBER(C7),(C7*목표이익률_지표!$C$9+목표이익률_지표!$C$11)/1000000,"") -> 18162.134 | E7: =IF(ISNUMBER(C7),(목표이익률_지표!$C$6+목표이익률_지표!$C$7/목표이익률_지표!$C$8*IF(AND(목표이익률_지표!$C$13="O",목표이익률_지표!$C$12>0),MAX(목표이익률_지표!$C$8,CEILING(C7/목표이익률_지표!$C$12,1)),목표이익률_지표!$C$8)+목표이익률_지표!$C$10*C7)/1000000,"") -> 15437.814 | G7: 목표 도달 | H7: =IF(ISNUMBER(목표이익률_지표!$C$87),목표이익률_지표!$C$87,"") -> 163901.25 | I7: =IF(ISNUMBER(H7),(H7*목표이익률_지표!$C$55+목표이익률_지표!$C$57)/1000000,"") -> 20852.427 | J7: =IF(ISNUMBER(H7),(목표이익률_지표!$C$52+목표이익률_지표!$C$53/목표이익률_지표!$C$54*IF(AND(목표이익률_지표!$C$59="O",목표이익률_지표!$C$58>0),MAX(목표이익률_지표!$C$54,CEILING(H7/목표이익률_지표!$C$58,1)),목표이익률_지표!$C$54)+목표이익률_지표!$C$56*H7)/1000000,"") -> 17724.563
B8: 현재/실적 | C8: =IF(ISNUMBER(목표이익률_지표!$C$15),목표이익률_지표!$C$15,"") -> 144058.09 | D8: =IF(ISNUMBER(C8),(C8*목표이익률_지표!$C$9+목표이익률_지표!$C$11)/1000000,"") -> 13146.609 | E8: =IF(ISNUMBER(C8),(목표이익률_지표!$C$6+목표이익률_지표!$C$7/목표이익률_지표!$C$8*IF(AND(목표이익률_지표!$C$13="O",목표이익률_지표!$C$12>0),MAX(목표이익률_지표!$C$8,CEILING(C8/목표이익률_지표!$C$12,1)),목표이익률_지표!$C$8)+목표이익률_지표!$C$10*C8)/1000000,"") -> 15226.131 | G8: 현재/실적 | H8: =IF(ISNUMBER(목표이익률_지표!$C$61),목표이익률_지표!$C$61,"") -> 181800 | I8: =IF(ISNUMBER(H8),(H8*목표이익률_지표!$C$55+목표이익률_지표!$C$57)/1000000,"") -> 23000.278 | J8: =IF(ISNUMBER(H8),(목표이익률_지표!$C$52+목표이익률_지표!$C$53/목표이익률_지표!$C$54*IF(AND(목표이익률_지표!$C$59="O",목표이익률_지표!$C$58>0),MAX(목표이익률_지표!$C$54,CEILING(H8/목표이익률_지표!$C$58,1)),목표이익률_지표!$C$54)+목표이익률_지표!$C$56*H8)/1000000,"") -> 17791.758
B9: 가로축 최대 | C9: =MAX(C6:C8,목표이익률_지표!$C$14,1)*1.25 -> 250554.98 | G9: 가로축 최대 | H9: =MAX(H6:H8,목표이익률_지표!$C$60,1)*1.25 -> 227250
B11: 승객수 | C11: 매출액 | D11: 총비용 | E11: 영업이익 | G11: 승객수 | H11: 매출액 | I11: 총비용 | J11: 영업이익
B12: =ROUND($C$9*0/20,0) -> 0 | C12: =(B12*목표이익률_지표!$C$9+목표이익률_지표!$C$11)/1000000 -> 332.64217 | D12: =(목표이익률_지표!$C$6+목표이익률_지표!$C$7/목표이익률_지표!$C$8*IF(AND(목표이익률_지표!$C$13="O",목표이익률_지표!$C$12>0),MAX(목표이익률_지표!$C$8,CEILING(B12/목표이익률_지표!$C$12,1)),목표이익률_지표!$C$8)+목표이익률_지표!$C$10*B12)/1000000 -> 14685.311 | E12: =C12-D12 -> -14352.669 | G12: =ROUND($H$9*0/20,0) -> 0 | H12: =(G12*목표이익률_지표!$C$55+목표이익률_지표!$C$57)/1000000 -> 1184.2776 | I12: =(목표이익률_지표!$C$52+목표이익률_지표!$C$53/목표이익률_지표!$C$54*IF(AND(목표이익률_지표!$C$59="O",목표이익률_지표!$C$58>0),MAX(목표이익률_지표!$C$54,CEILING(G12/목표이익률_지표!$C$58,1)),목표이익률_지표!$C$54)+목표이익률_지표!$C$56*G12)/1000000 -> 17109.248 | J12: =H12-I12 -> -15924.971
B13: =ROUND($C$9*1/20,0) -> 12528 | C13: =(B13*목표이익률_지표!$C$9+목표이익률_지표!$C$11)/1000000 -> 1447.0078 | D13: =(목표이익률_지표!$C$6+목표이익률_지표!$C$7/목표이익률_지표!$C$8*IF(AND(목표이익률_지표!$C$13="O",목표이익률_지표!$C$12>0),MAX(목표이익률_지표!$C$8,CEILING(B13/목표이익률_지표!$C$12,1)),목표이익률_지표!$C$8)+목표이익률_지표!$C$10*B13)/1000000 -> 14732.343 | E13: =C13-D13 -> -13285.336 | G13: =ROUND($H$9*1/20,0) -> 11363 | H13: =(G13*목표이익률_지표!$C$55+목표이익률_지표!$C$57)/1000000 -> 2547.8376 | I13: =(목표이익률_지표!$C$52+목표이익률_지표!$C$53/목표이익률_지표!$C$54*IF(AND(목표이익률_지표!$C$59="O",목표이익률_지표!$C$58>0),MAX(목표이익률_지표!$C$54,CEILING(G13/목표이익률_지표!$C$58,1)),목표이익률_지표!$C$54)+목표이익률_지표!$C$56*G13)/1000000 -> 17151.907 | J13: =H13-I13 -> -14604.069
B14: =ROUND($C$9*2/20,0) -> 25055 | C14: =(B14*목표이익률_지표!$C$9+목표이익률_지표!$C$11)/1000000 -> 2561.2844 | D14: =(목표이익률_지표!$C$6+목표이익률_지표!$C$7/목표이익률_지표!$C$8*IF(AND(목표이익률_지표!$C$13="O",목표이익률_지표!$C$12>0),MAX(목표이익률_지표!$C$8,CEILING(B14/목표이익률_지표!$C$12,1)),목표이익률_지표!$C$8)+목표이익률_지표!$C$10*B14)/1000000 -> 14779.372 | E14: =C14-D14 -> -12218.088 | G14: =ROUND($H$9*2/20,0) -> 22725 | H14: =(G14*목표이익률_지표!$C$55+목표이익률_지표!$C$57)/1000000 -> 3911.2776 | I14: =(목표이익률_지표!$C$52+목표이익률_지표!$C$53/목표이익률_지표!$C$54*IF(AND(목표이익률_지표!$C$59="O",목표이익률_지표!$C$58>0),MAX(목표이익률_지표!$C$54,CEILING(G14/목표이익률_지표!$C$58,1)),목표이익률_지표!$C$54)+목표이익률_지표!$C$56*G14)/1000000 -> 17194.562 | J14: =H14-I14 -> -13283.284
B15: =ROUND($C$9*3/20,0) -> 37583 | C15: =(B15*목표이익률_지표!$C$9+목표이익률_지표!$C$11)/1000000 -> 3675.65 | D15: =(목표이익률_지표!$C$6+목표이익률_지표!$C$7/목표이익률_지표!$C$8*IF(AND(목표이익률_지표!$C$13="O",목표이익률_지표!$C$12>0),MAX(목표이익률_지표!$C$8,CEILING(B15/목표이익률_지표!$C$12,1)),목표이익률_지표!$C$8)+목표이익률_지표!$C$10*B15)/1000000 -> 14826.404 | E15: =C15-D15 -> -11150.754 | G15: =ROUND($H$9*3/20,0) -> 34088 | H15: =(G15*목표이익률_지표!$C$55+목표이익률_지표!$C$57)/1000000 -> 5274.8376 | I15: =(목표이익률_지표!$C$52+목표이익률_지표!$C$53/목표이익률_지표!$C$54*IF(AND(목표이익률_지표!$C$59="O",목표이익률_지표!$C$58>0),MAX(목표이익률_지표!$C$54,CEILING(G15/목표이익률_지표!$C$58,1)),목표이익률_지표!$C$54)+목표이익률_지표!$C$56*G15)/1000000 -> 17237.221 | J15: =H15-I15 -> -11962.383
B16: =ROUND($C$9*4/20,0) -> 50111 | C16: =(B16*목표이익률_지표!$C$9+목표이익률_지표!$C$11)/1000000 -> 4790.0156 | D16: =(목표이익률_지표!$C$6+목표이익률_지표!$C$7/목표이익률_지표!$C$8*IF(AND(목표이익률_지표!$C$13="O",목표이익률_지표!$C$12>0),MAX(목표이익률_지표!$C$8,CEILING(B16/목표이익률_지표!$C$12,1)),목표이익률_지표!$C$8)+목표이익률_지표!$C$10*B16)/1000000 -> 14873.437 | E16: =C16-D16 -> -10083.421 | G16: =ROUND($H$9*4/20,0) -> 45450 | H16: =(G16*목표이익률_지표!$C$55+목표이익률_지표!$C$57)/1000000 -> 6638.2776 | I16: =(목표이익률_지표!$C$52+목표이익률_지표!$C$53/목표이익률_지표!$C$54*IF(AND(목표이익률_지표!$C$59="O",목표이익률_지표!$C$58>0),MAX(목표이익률_지표!$C$54,CEILING(G16/목표이익률_지표!$C$58,1)),목표이익률_지표!$C$54)+목표이익률_지표!$C$56*G16)/1000000 -> 17279.876 | J16: =H16-I16 -> -10641.598
B17: =ROUND($C$9*5/20,0) -> 62639 | C17: =(B17*목표이익률_지표!$C$9+목표이익률_지표!$C$11)/1000000 -> 5904.3812 | D17: =(목표이익률_지표!$C$6+목표이익률_지표!$C$7/목표이익률_지표!$C$8*IF(AND(목표이익률_지표!$C$13="O",목표이익률_지표!$C$12>0),MAX(목표이익률_지표!$C$8,CEILING(B17/목표이익률_지표!$C$12,1)),목표이익률_지표!$C$8)+목표이익률_지표!$C$10*B17)/1000000 -> 14920.469 | E17: =C17-D17 -> -9016.088 | G17: =ROUND($H$9*5/20,0) -> 56813 | H17: =(G17*목표이익률_지표!$C$55+목표이익률_지표!$C$57)/1000000 -> 8001.8376 | I17: =(목표이익률_지표!$C$52+목표이익률_지표!$C$53/목표이익률_지표!$C$54*IF(AND(목표이익률_지표!$C$59="O",목표이익률_지표!$C$58>0),MAX(목표이익률_지표!$C$54,CEILING(G17/목표이익률_지표!$C$58,1)),목표이익률_지표!$C$54)+목표이익률_지표!$C$56*G17)/1000000 -> 17322.534 | J17: =H17-I17 -> -9320.6969
B18: =ROUND($C$9*6/20,0) -> 75166 | C18: =(B18*목표이익률_지표!$C$9+목표이익률_지표!$C$11)/1000000 -> 7018.6579 | D18: =(목표이익률_지표!$C$6+목표이익률_지표!$C$7/목표이익률_지표!$C$8*IF(AND(목표이익률_지표!$C$13="O",목표이익률_지표!$C$12>0),MAX(목표이익률_지표!$C$8,CEILING(B18/목표이익률_지표!$C$12,1)),목표이익률_지표!$C$8)+목표이익률_지표!$C$10*B18)/1000000 -> 14967.498 | E18: =C18-D18 -> -7948.84 | G18: =ROUND($H$9*6/20,0) -> 68175 | H18: =(G18*목표이익률_지표!$C$55+목표이익률_지표!$C$57)/1000000 -> 9365.2776 | I18: =(목표이익률_지표!$C$52+목표이익률_지표!$C$53/목표이익률_지표!$C$54*IF(AND(목표이익률_지표!$C$59="O",목표이익률_지표!$C$58>0),MAX(목표이익률_지표!$C$54,CEILING(G18/목표이익률_지표!$C$58,1)),목표이익률_지표!$C$54)+목표이익률_지표!$C$56*G18)/1000000 -> 17365.189 | J18: =H18-I18 -> -7999.9119
B19: =ROUND($C$9*7/20,0) -> 87694 | C19: =(B19*목표이익률_지표!$C$9+목표이익률_지표!$C$11)/1000000 -> 8133.0235 | D19: =(목표이익률_지표!$C$6+목표이익률_지표!$C$7/목표이익률_지표!$C$8*IF(AND(목표이익률_지표!$C$13="O",목표이익률_지표!$C$12>0),MAX(목표이익률_지표!$C$8,CEILING(B19/목표이익률_지표!$C$12,1)),목표이익률_지표!$C$8)+목표이익률_지표!$C$10*B19)/1000000 -> 15014.53 | E19: =C19-D19 -> -6881.5068 | G19: =ROUND($H$9*7/20,0) -> 79538 | H19: =(G19*목표이익률_지표!$C$55+목표이익률_지표!$C$57)/1000000 -> 10728.838 | I19: =(목표이익률_지표!$C$52+목표이익률_지표!$C$53/목표이익률_지표!$C$54*IF(AND(목표이익률_지표!$C$59="O",목표이익률_지표!$C$58>0),MAX(목표이익률_지표!$C$54,CEILING(G19/목표이익률_지표!$C$58,1)),목표이익률_지표!$C$54)+목표이익률_지표!$C$56*G19)/1000000 -> 17407.848 | J19: =H19-I19 -> -6679.0107
B20: =ROUND($C$9*8/20,0) -> 100222 | C20: =(B20*목표이익률_지표!$C$9+목표이익률_지표!$C$11)/1000000 -> 9247.3891 | D20: =(목표이익률_지표!$C$6+목표이익률_지표!$C$7/목표이익률_지표!$C$8*IF(AND(목표이익률_지표!$C$13="O",목표이익률_지표!$C$12>0),MAX(목표이익률_지표!$C$8,CEILING(B20/목표이익률_지표!$C$12,1)),목표이익률_지표!$C$8)+목표이익률_지표!$C$10*B20)/1000000 -> 15061.563 | E20: =C20-D20 -> -5814.1736 | G20: =ROUND($H$9*8/20,0) -> 90900 | H20: =(G20*목표이익률_지표!$C$55+목표이익률_지표!$C$57)/1000000 -> 12092.278 | I20: =(목표이익률_지표!$C$52+목표이익률_지표!$C$53/목표이익률_지표!$C$54*IF(AND(목표이익률_지표!$C$59="O",목표이익률_지표!$C$58>0),MAX(목표이익률_지표!$C$54,CEILING(G20/목표이익률_지표!$C$58,1)),목표이익률_지표!$C$54)+목표이익률_지표!$C$56*G20)/1000000 -> 17450.503 | J20: =H20-I20 -> -5358.2257
B21: =ROUND($C$9*9/20,0) -> 112750 | C21: =(B21*목표이익률_지표!$C$9+목표이익률_지표!$C$11)/1000000 -> 10361.755 | D21: =(목표이익률_지표!$C$6+목표이익률_지표!$C$7/목표이익률_지표!$C$8*IF(AND(목표이익률_지표!$C$13="O",목표이익률_지표!$C$12>0),MAX(목표이익률_지표!$C$8,CEILING(B21/목표이익률_지표!$C$12,1)),목표이익률_지표!$C$8)+목표이익률_지표!$C$10*B21)/1000000 -> 15108.595 | E21: =C21-D21 -> -4746.8404 | G21: =ROUND($H$9*9/20,0) -> 102263 | H21: =(G21*목표이익률_지표!$C$55+목표이익률_지표!$C$57)/1000000 -> 13455.838 | I21: =(목표이익률_지표!$C$52+목표이익률_지표!$C$53/목표이익률_지표!$C$54*IF(AND(목표이익률_지표!$C$59="O",목표이익률_지표!$C$58>0),MAX(목표이익률_지표!$C$54,CEILING(G21/목표이익률_지표!$C$58,1)),목표이익률_지표!$C$54)+목표이익률_지표!$C$56*G21)/1000000 -> 17493.162 | J21: =H21-I21 -> -4037.3244
B22: =ROUND($C$9*10/20,0) -> 125277 | C22: =(B22*목표이익률_지표!$C$9+목표이익률_지표!$C$11)/1000000 -> 11476.031 | D22: =(목표이익률_지표!$C$6+목표이익률_지표!$C$7/목표이익률_지표!$C$8*IF(AND(목표이익률_지표!$C$13="O",목표이익률_지표!$C$12>0),MAX(목표이익률_지표!$C$8,CEILING(B22/목표이익률_지표!$C$12,1)),목표이익률_지표!$C$8)+목표이익률_지표!$C$10*B22)/1000000 -> 15155.624 | E22: =C22-D22 -> -3679.5923 | G22: =ROUND($H$9*10/20,0) -> 113625 | H22: =(G22*목표이익률_지표!$C$55+목표이익률_지표!$C$57)/1000000 -> 14819.278 | I22: =(목표이익률_지표!$C$52+목표이익률_지표!$C$53/목표이익률_지표!$C$54*IF(AND(목표이익률_지표!$C$59="O",목표이익률_지표!$C$58>0),MAX(목표이익률_지표!$C$54,CEILING(G22/목표이익률_지표!$C$58,1)),목표이익률_지표!$C$54)+목표이익률_지표!$C$56*G22)/1000000 -> 17535.817 | J22: =H22-I22 -> -2716.5394
B23: =ROUND($C$9*11/20,0) -> 137805 | C23: =(B23*목표이익률_지표!$C$9+목표이익률_지표!$C$11)/1000000 -> 12590.397 | D23: =(목표이익률_지표!$C$6+목표이익률_지표!$C$7/목표이익률_지표!$C$8*IF(AND(목표이익률_지표!$C$13="O",목표이익률_지표!$C$12>0),MAX(목표이익률_지표!$C$8,CEILING(B23/목표이익률_지표!$C$12,1)),목표이익률_지표!$C$8)+목표이익률_지표!$C$10*B23)/1000000 -> 15202.656 | E23: =C23-D23 -> -2612.2591 | G23: =ROUND($H$9*11/20,0) -> 124988 | H23: =(G23*목표이익률_지표!$C$55+목표이익률_지표!$C$57)/1000000 -> 16182.838 | I23: =(목표이익률_지표!$C$52+목표이익률_지표!$C$53/목표이익률_지표!$C$54*IF(AND(목표이익률_지표!$C$59="O",목표이익률_지표!$C$58>0),MAX(목표이익률_지표!$C$54,CEILING(G23/목표이익률_지표!$C$58,1)),목표이익률_지표!$C$54)+목표이익률_지표!$C$56*G23)/1000000 -> 17578.476 | J23: =H23-I23 -> -1395.6382
B24: =ROUND($C$9*12/20,0) -> 150333 | C24: =(B24*목표이익률_지표!$C$9+목표이익률_지표!$C$11)/1000000 -> 13704.763 | D24: =(목표이익률_지표!$C$6+목표이익률_지표!$C$7/목표이익률_지표!$C$8*IF(AND(목표이익률_지표!$C$13="O",목표이익률_지표!$C$12>0),MAX(목표이익률_지표!$C$8,CEILING(B24/목표이익률_지표!$C$12,1)),목표이익률_지표!$C$8)+목표이익률_지표!$C$10*B24)/1000000 -> 15249.688 | E24: =C24-D24 -> -1544.9259 | G24: =ROUND($H$9*12/20,0) -> 136350 | H24: =(G24*목표이익률_지표!$C$55+목표이익률_지표!$C$57)/1000000 -> 17546.278 | I24: =(목표이익률_지표!$C$52+목표이익률_지표!$C$53/목표이익률_지표!$C$54*IF(AND(목표이익률_지표!$C$59="O",목표이익률_지표!$C$58>0),MAX(목표이익률_지표!$C$54,CEILING(G24/목표이익률_지표!$C$58,1)),목표이익률_지표!$C$54)+목표이익률_지표!$C$56*G24)/1000000 -> 17621.131 | J24: =H24-I24 -> -74.853212
B25: =ROUND($C$9*13/20,0) -> 162861 | C25: =(B25*목표이익률_지표!$C$9+목표이익률_지표!$C$11)/1000000 -> 14819.128 | D25: =(목표이익률_지표!$C$6+목표이익률_지표!$C$7/목표이익률_지표!$C$8*IF(AND(목표이익률_지표!$C$13="O",목표이익률_지표!$C$12>0),MAX(목표이익률_지표!$C$8,CEILING(B25/목표이익률_지표!$C$12,1)),목표이익률_지표!$C$8)+목표이익률_지표!$C$10*B25)/1000000 -> 15296.721 | E25: =C25-D25 -> -477.5927 | G25: =ROUND($H$9*13/20,0) -> 147713 | H25: =(G25*목표이익률_지표!$C$55+목표이익률_지표!$C$57)/1000000 -> 18909.838 | I25: =(목표이익률_지표!$C$52+목표이익률_지표!$C$53/목표이익률_지표!$C$54*IF(AND(목표이익률_지표!$C$59="O",목표이익률_지표!$C$58>0),MAX(목표이익률_지표!$C$54,CEILING(G25/목표이익률_지표!$C$58,1)),목표이익률_지표!$C$54)+목표이익률_지표!$C$56*G25)/1000000 -> 17663.79 | J25: =H25-I25 -> 1246.048
B26: =ROUND($C$9*14/20,0) -> 175388 | C26: =(B26*목표이익률_지표!$C$9+목표이익률_지표!$C$11)/1000000 -> 15933.405 | D26: =(목표이익률_지표!$C$6+목표이익률_지표!$C$7/목표이익률_지표!$C$8*IF(AND(목표이익률_지표!$C$13="O",목표이익률_지표!$C$12>0),MAX(목표이익률_지표!$C$8,CEILING(B26/목표이익률_지표!$C$12,1)),목표이익률_지표!$C$8)+목표이익률_지표!$C$10*B26)/1000000 -> 15343.749 | E26: =C26-D26 -> 589.65532 | G26: =ROUND($H$9*14/20,0) -> 159075 | H26: =(G26*목표이익률_지표!$C$55+목표이익률_지표!$C$57)/1000000 -> 20273.278 | I26: =(목표이익률_지표!$C$52+목표이익률_지표!$C$53/목표이익률_지표!$C$54*IF(AND(목표이익률_지표!$C$59="O",목표이익률_지표!$C$58>0),MAX(목표이익률_지표!$C$54,CEILING(G26/목표이익률_지표!$C$58,1)),목표이익률_지표!$C$54)+목표이익률_지표!$C$56*G26)/1000000 -> 17706.445 | J26: =H26-I26 -> 2566.833
B27: =ROUND($C$9*15/20,0) -> 187916 | C27: =(B27*목표이익률_지표!$C$9+목표이익률_지표!$C$11)/1000000 -> 17047.77 | D27: =(목표이익률_지표!$C$6+목표이익률_지표!$C$7/목표이익률_지표!$C$8*IF(AND(목표이익률_지표!$C$13="O",목표이익률_지표!$C$12>0),MAX(목표이익률_지표!$C$8,CEILING(B27/목표이익률_지표!$C$12,1)),목표이익률_지표!$C$8)+목표이익률_지표!$C$10*B27)/1000000 -> 15390.782 | E27: =C27-D27 -> 1656.9885 | G27: =ROUND($H$9*15/20,0) -> 170438 | H27: =(G27*목표이익률_지표!$C$55+목표이익률_지표!$C$57)/1000000 -> 21636.838 | I27: =(목표이익률_지표!$C$52+목표이익률_지표!$C$53/목표이익률_지표!$C$54*IF(AND(목표이익률_지표!$C$59="O",목표이익률_지표!$C$58>0),MAX(목표이익률_지표!$C$54,CEILING(G27/목표이익률_지표!$C$58,1)),목표이익률_지표!$C$54)+목표이익률_지표!$C$56*G27)/1000000 -> 17749.103 | J27: =H27-I27 -> 3887.7342
B28: =ROUND($C$9*16/20,0) -> 200444 | C28: =(B28*목표이익률_지표!$C$9+목표이익률_지표!$C$11)/1000000 -> 18162.136 | D28: =(목표이익률_지표!$C$6+목표이익률_지표!$C$7/목표이익률_지표!$C$8*IF(AND(목표이익률_지표!$C$13="O",목표이익률_지표!$C$12>0),MAX(목표이익률_지표!$C$8,CEILING(B28/목표이익률_지표!$C$12,1)),목표이익률_지표!$C$8)+목표이익률_지표!$C$10*B28)/1000000 -> 15437.814 | E28: =C28-D28 -> 2724.3217 | G28: =ROUND($H$9*16/20,0) -> 181800 | H28: =(G28*목표이익률_지표!$C$55+목표이익률_지표!$C$57)/1000000 -> 23000.278 | I28: =(목표이익률_지표!$C$52+목표이익률_지표!$C$53/목표이익률_지표!$C$54*IF(AND(목표이익률_지표!$C$59="O",목표이익률_지표!$C$58>0),MAX(목표이익률_지표!$C$54,CEILING(G28/목표이익률_지표!$C$58,1)),목표이익률_지표!$C$54)+목표이익률_지표!$C$56*G28)/1000000 -> 17791.758 | J28: =H28-I28 -> 5208.5192
B29: =ROUND($C$9*17/20,0) -> 212972 | C29: =(B29*목표이익률_지표!$C$9+목표이익률_지표!$C$11)/1000000 -> 19276.502 | D29: =(목표이익률_지표!$C$6+목표이익률_지표!$C$7/목표이익률_지표!$C$8*IF(AND(목표이익률_지표!$C$13="O",목표이익률_지표!$C$12>0),MAX(목표이익률_지표!$C$8,CEILING(B29/목표이익률_지표!$C$12,1)),목표이익률_지표!$C$8)+목표이익률_지표!$C$10*B29)/1000000 -> 15484.847 | E29: =C29-D29 -> 3791.655 | G29: =ROUND($H$9*17/20,0) -> 193163 | H29: =(G29*목표이익률_지표!$C$55+목표이익률_지표!$C$57)/1000000 -> 24363.838 | I29: =(목표이익률_지표!$C$52+목표이익률_지표!$C$53/목표이익률_지표!$C$54*IF(AND(목표이익률_지표!$C$59="O",목표이익률_지표!$C$58>0),MAX(목표이익률_지표!$C$54,CEILING(G29/목표이익률_지표!$C$58,1)),목표이익률_지표!$C$54)+목표이익률_지표!$C$56*G29)/1000000 -> 17834.417 | J29: =H29-I29 -> 6529.4205
B30: =ROUND($C$9*18/20,0) -> 225499 | C30: =(B30*목표이익률_지표!$C$9+목표이익률_지표!$C$11)/1000000 -> 20390.778 | D30: =(목표이익률_지표!$C$6+목표이익률_지표!$C$7/목표이익률_지표!$C$8*IF(AND(목표이익률_지표!$C$13="O",목표이익률_지표!$C$12>0),MAX(목표이익률_지표!$C$8,CEILING(B30/목표이익률_지표!$C$12,1)),목표이익률_지표!$C$8)+목표이익률_지표!$C$10*B30)/1000000 -> 15531.875 | E30: =C30-D30 -> 4858.903 | G30: =ROUND($H$9*18/20,0) -> 204525 | H30: =(G30*목표이익률_지표!$C$55+목표이익률_지표!$C$57)/1000000 -> 25727.278 | I30: =(목표이익률_지표!$C$52+목표이익률_지표!$C$53/목표이익률_지표!$C$54*IF(AND(목표이익률_지표!$C$59="O",목표이익률_지표!$C$58>0),MAX(목표이익률_지표!$C$54,CEILING(G30/목표이익률_지표!$C$58,1)),목표이익률_지표!$C$54)+목표이익률_지표!$C$56*G30)/1000000 -> 17877.072 | J30: =H30-I30 -> 7850.2055
B31: =ROUND($C$9*19/20,0) -> 238027 | C31: =(B31*목표이익률_지표!$C$9+목표이익률_지표!$C$11)/1000000 -> 21505.144 | D31: =(목표이익률_지표!$C$6+목표이익률_지표!$C$7/목표이익률_지표!$C$8*IF(AND(목표이익률_지표!$C$13="O",목표이익률_지표!$C$12>0),MAX(목표이익률_지표!$C$8,CEILING(B31/목표이익률_지표!$C$12,1)),목표이익률_지표!$C$8)+목표이익률_지표!$C$10*B31)/1000000 -> 15578.908 | E31: =C31-D31 -> 5926.2362 | G31: =ROUND($H$9*19/20,0) -> 215888 | H31: =(G31*목표이익률_지표!$C$55+목표이익률_지표!$C$57)/1000000 -> 27090.838 | I31: =(목표이익률_지표!$C$52+목표이익률_지표!$C$53/목표이익률_지표!$C$54*IF(AND(목표이익률_지표!$C$59="O",목표이익률_지표!$C$58>0),MAX(목표이익률_지표!$C$54,CEILING(G31/목표이익률_지표!$C$58,1)),목표이익률_지표!$C$54)+목표이익률_지표!$C$56*G31)/1000000 -> 17919.731 | J31: =H31-I31 -> 9171.1067
B32: =ROUND($C$9*20/20,0) -> 250555 | C32: =(B32*목표이익률_지표!$C$9+목표이익률_지표!$C$11)/1000000 -> 22619.509 | D32: =(목표이익률_지표!$C$6+목표이익률_지표!$C$7/목표이익률_지표!$C$8*IF(AND(목표이익률_지표!$C$13="O",목표이익률_지표!$C$12>0),MAX(목표이익률_지표!$C$8,CEILING(B32/목표이익률_지표!$C$12,1)),목표이익률_지표!$C$8)+목표이익률_지표!$C$10*B32)/1000000 -> 15625.94 | E32: =C32-D32 -> 6993.5694 | G32: =ROUND($H$9*20/20,0) -> 227250 | H32: =(G32*목표이익률_지표!$C$55+목표이익률_지표!$C$57)/1000000 -> 28454.278 | I32: =(목표이익률_지표!$C$52+목표이익률_지표!$C$53/목표이익률_지표!$C$54*IF(AND(목표이익률_지표!$C$59="O",목표이익률_지표!$C$58>0),MAX(목표이익률_지표!$C$54,CEILING(G32/목표이익률_지표!$C$58,1)),목표이익률_지표!$C$54)+목표이익률_지표!$C$56*G32)/1000000 -> 17962.386 | J32: =H32-I32 -> 10491.892

Sheet 인건비_부가가치
B1: 인건비 1인당 분해 · 부가가치 · 지급수수료 점검
B2: 감사보고서 값만 쓰는 정적 분석 + 설정 인원에 따른 시뮬레이션 열. 단위: 원
B4: 1. 판관비 급여영역 — 과목별 1인당 분해 (기준 인원 30명)
B5: 과목 | C5: 연간 합계 | D5: 1인당 · 연 | E5: 1인당 · 월 | F5: 직원급여 대비 | G5: 급여영역 내 비중 | H5: 시뮬레이션 (설정 지상직) | I5: 비고
B6: 직원급여 | C6: =손익계산서_원본!$D$26 -> 1822878650 | D6: =C6/설정값!$D$90 -> 60762622 | E6: =D6/12 -> 5063551.8 | F6: — | G6: =C6/$C$9 -> 0.85869313 | H6: =C6*설정값!$D$8/설정값!$D$90 -> 1822878650
B7: 퇴직급여 | C7: =손익계산서_원본!$D$27 -> 152420193 | D7: =C7/설정값!$D$90 -> 5080673.1 | E7: =D7/12 -> 423389.42 | F7: =C7/$C$6 -> 0.083615107 | G7: =C7/$C$9 -> 0.071799718 | H7: =C7*설정값!$D$8/설정값!$D$90 -> 152420193
B8: 복리후생비 | C8: =손익계산서_원본!$D$28 -> 147553407 | D8: =C8/설정값!$D$90 -> 4918446.9 | E8: =D8/12 -> 409870.58 | F8: =C8/$C$6 -> 0.080945271 | G8: =C8/$C$9 -> 0.069507149 | H8: =C8*설정값!$D$8/설정값!$D$90 -> 147553407
B9: 급여영역 합계 | C9: =SUM(C6:C8) -> 2122852250 | D9: =C9/설정값!$D$90 -> 70761742 | E9: =D9/12 -> 5896811.8 | F9: =C9/C6 -> 1.1645604 | G9: =SUM(G6:G8) -> 1 | H9: =SUM(H6:H8) -> 2122852250
B10: 검산 · 퇴직급여 ÷ 직원급여 | C10: =C7/C6 -> 0.083615107 | D10: =IF(ABS(C10-1/12)<0.005,"법정 1/12(8.33%) 부합","1/12 이탈") -> 법정 1/12(8.33%) 부합 | I10: ="전기 "&TEXT(손익계산서_원본!$G$27/손익계산서_원본!$G$26,"0.00%")&" — 2022.06 물적분할 · 근속 1년 미만 다수" -> 전기 5.09% — 2022.06 물적분할 · 근속 1년 미만 다수
B12: 2. 인건비 — 지상직 · 해상직 분리 (주석 15)
B13: 과목 | C13: 지상직 (판관비) | D13: 해상직 (운항원가) | E13: 합계 | F13: 해상직 비중 | G13: 지상직 1인당 | H13: 해상직 1인당 | I13: 비고
B14: 급여 | C14: =주석_보조자료!$C$6*1000 -> 1822879000 | D14: =주석_보조자료!$D$6*1000 -> 1253988000 | E14: =C14+D14 -> 3076867000 | F14: =D14/E14 -> 0.40755353 | G14: =C14/설정값!$D$8 -> 60762633 | H14: =D14/원가구조_기준!$C$31 -> 62699400
B15: 복리후생비 | C15: =주석_보조자료!$C$8*1000 -> 147553000 | D15: =주석_보조자료!$D$8*1000 -> 267351000 | E15: =C15+D15 -> 414904000 | F15: =D15/E15 -> 0.64436834 | G15: =C15/설정값!$D$8 -> 4918433.3 | H15: =D15/원가구조_기준!$C$31 -> 13367550
B16: 현금 인건비 소계 | C16: =C14+C15 -> 1970432000 | D16: =D14+D15 -> 1521339000 | E16: =C16+D16 -> 3491771000 | F16: =D16/E16 -> 0.43569266 | G16: =C16/설정값!$D$8 -> 65681067 | H16: =D16/원가구조_기준!$C$31 -> 76066950
B17: 퇴직급여 (비현금) | C17: =주석_보조자료!$C$7*1000 -> 152420000 | D17: =주석_보조자료!$D$7*1000 -> 148252000 | E17: =C17+D17 -> 300672000 | F17: =D17/E17 -> 0.49306886 | G17: =C17/설정값!$D$8 -> 5080666.7 | H17: =D17/원가구조_기준!$C$31 -> 7412600
B18: 인건비 합계 | C18: =C16+C17 -> 2122852000 | D18: =D16+D17 -> 1669591000 | E18: =C18+D18 -> 3792443000 | F18: =D18/E18 -> 0.44024155 | G18: =C18/설정값!$D$8 -> 70761733 | H18: =D18/원가구조_기준!$C$31 -> 83479550
B19: 인원 | C19: =설정값!$D$8 -> 30 | D19: =원가구조_기준!$C$31 -> 20 | E19: =C19+D19 -> 50 | I19: 선원·승무원 인원은 가정 — 보고서에 없다
B20: 전사 인건비 1인당 | E20: =E18/E19 -> 75848860
B21: 복리후생비 ÷ 급여 | C21: =C15/C14 -> 0.080945033 | D21: =D15/D14 -> 0.2132006 | I21: 해상직은 승선 중 식비·숙식 추정
B22: 퇴직급여 ÷ 급여 (법정 1/12 = 8.33%) | C22: =C17/C14 -> 0.083614985 | D22: =D17/D14 -> 0.11822442
B23: 해상직 1인당 ÷ 지상직 현금 1인당 | D23: =H18/원가구조_기준!$C$28 -> 1.2709834 | E23: =IF(ABS(D23-1)<0.4,"지상직과 정합","지상직과 격차 큼") -> 지상직과 정합 | I23: ="지상직 단가 환산 "&TEXT(D18/원가구조_기준!$C$28,"0.0")&"명분" -> 지상직 단가 환산 25.4명분
B25: 3. 1인당 인건비 — 헤더 지표 (참조 · 대조)
B26: 항목 | C26: 참조 (실적) | D26: 대조 선박 | I26: 산식
B27: 현금 인건비 총액 | C27: =원가구조_기준!$C$28*설정값!$D$90 -> 1970432057 | D27: =설정값!$D$40*원가구조_기준!$C$28+(손익계산서_원본!$D$12+손익계산서_원본!$D$14)*대조선박_손익!$C$11 -> 3491771057 | I27: 참조: 판관 급여+복리 · 대조: 지상직×현금1인당 + 운항(급여+복리)×hR
B28: 인원 | C28: =설정값!$D$90 -> 30 | D28: =설정값!$D$40+대조선박_손익!$C$10 -> 50 | I28: 참조는 판관 기준 인원 30명 · 대조는 지상직 + 해상직
B29: 1인당 현금 인건비 (헤더 값) | C29: =C27/C28 -> 65681069 | D29: =D27/D28 -> 69835421
B30: 인건비 총액 (퇴직 포함) | C30: =원가구조_기준!$C$16 -> 2122852250 | D30: =대조선박_손익!$C$35+대조선박_손익!$C$34 -> 3792443250
B31: + 퇴직 (비현금) 1인당 | C31: =(C30-C27)/C28 -> 5080673.1 | D31: =(D30-D27)/D28 -> 6013443.9
B32: 합계 1인당 | C32: =C30/C28 -> 70761742 | D32: =D30/D28 -> 75848865
B34: 4. 부가가치 계산 (주석 15 기준) — 부가가치세와 다른 개념
B35: 구성요소 | C35: 당기 2024 | D35: 전기 2023 | E35: 당기 매출 대비 | I35: 산식
B36: 경상손익 (법인세비용차감전) | C36: =손익계산서_원본!$D$58 -> -6040188112 | D36: =손익계산서_원본!$G$58 -> -5776402130 | E36: =C36/원가구조_기준!$C$7 -> -0.45944837 | I36: 손익계산서 Ⅷ
B37: 인건비 (급여·퇴직·복리) | C37: =주석_보조자료!$E$9*1000 -> 3792443000 | D37: =주석_보조자료!$H$9*1000 -> 1864728000 | E37: =C37/원가구조_기준!$C$7 -> 0.28847309 | I37: 주석 15 판관+운항
B38: 순금융비용 (이자비용−이자수익) | C38: =손익계산서_원본!$D$54-손익계산서_원본!$D$49 -> 4008384615 | D38: =손익계산서_원본!$G$54-손익계산서_원본!$G$49 -> 2337792544 | E38: =C38/원가구조_기준!$C$7 -> 0.30489874
B39: 임차료 | C39: =주석_보조자료!$E$12*1000 -> 105065000 | D39: =주석_보조자료!$H$12*1000 -> 29850000 | E39: =C39/원가구조_기준!$C$7 -> 0.0079917946 | I39: 주석 15
B40: 조세공과 | C40: =주석_보조자료!$E$11*1000 -> 111254000 | D40: =주석_보조자료!$H$11*1000 -> 95631000 | E40: =C40/원가구조_기준!$C$7 -> 0.0084625624 | I40: 주석 15
B41: 감가상각비 | C41: =주석_보조자료!$E$10*1000 -> 3349232000 | D41: =주석_보조자료!$H$10*1000 -> 1665933000 | E41: =C41/원가구조_기준!$C$7 -> 0.25476014 | I41: 주석 15
B42: 부가가치 | C42: =SUM(C36:C41) -> 5326190503 | D42: =SUM(D36:D41) -> 217532414 | E42: =C42/원가구조_기준!$C$7 -> 0.40513797
B43: 부가가치율 (÷ 매출액) | C43: =C42/원가구조_기준!$C$7 -> 0.40513797 | D43: =D42/손익계산서_원본!$G$5 -> 0.038869469
B45: 5. 부가세 10% 역산 — 가능한가? (결론: 역산 불가)
B46: 항목 | C46: 금액 | D46: 비고
B47: 부가세예수금 (2024.12.31) | C47: =주석_보조자료!$C$21 -> 664296932 | D47: 재무상태표 유동부채
B48: 부가세예수금 (2023.12.31) | C48: =주석_보조자료!$D$21 -> 212619820 | D48: 전기 · 감사받지 아니함
B49: 당기 증가액 | C49: =주석_보조자료!$C$21-주석_보조자료!$D$21 -> 451677112 | D49: 현금흐름표 기재액과 일치 — 연간 매출세액이 아니라 누적 잔액
B50: 여객수입 전액 10% 과세 시 연간 매출세액 | C50: =원가구조_기준!$C$6*0.1 -> 1.2813967e+09 | D50: 참고 — 실제 과세 여부 미상
B51: 기말잔액 ÷ 연간 매출세액 | C51: =주석_보조자료!$C$21/(원가구조_기준!$C$6*0.1) -> 0.5184163
B52: 부가세대급금 (매입세액) | C52: 미공시 | D52: 재무상태표에 없음
B53: 부가세 비대상 비중 (인건비 + 감가상각비) ÷ 운항원가 | C53: =(원가구조_기준!$C$20+원가구조_기준!$C$14)/원가구조_기준!$C$11 -> 0.4098066
B55: 6. 지급수수료 점검 — 판관비 최대 단일 과목 (백만원)
B56: 판관비 과목 | C56: 당기 2024 | D56: 전기 2023 | E56: 증감률 | F56: 매출 대비
B57: 급여영역 3과목 | C57: =원가구조_기준!$C$16/1000000 -> 2122.8522 | D57: =(손익계산서_원본!$G$26+손익계산서_원본!$G$27+손익계산서_원본!$G$28)/1000000 -> 1122.3396 | E57: =C57/D57-1 -> 0.8914526 | F57: =C57*1000000/원가구조_기준!$C$7 -> 0.16147527
B58: 지급수수료 | C58: =손익계산서_원본!$D$42/1000000 -> 540.82021 | D58: =손익계산서_원본!$G$42/1000000 -> 742.50379 | E58: =IFERROR(C58/D58-1,"신규") -> -0.27162632 | F58: =C58*1000000/원가구조_기준!$C$7 -> 0.04113762
B59: 광고선전비 | C59: =손익계산서_원본!$D$43/1000000 -> 106.9736 | D59: =손익계산서_원본!$G$43/1000000 -> 257.02407 | E59: =IFERROR(C59/D59-1,"신규") -> -0.5837993 | F59: =C59*1000000/원가구조_기준!$C$7 -> 0.0081369726
B60: 지급임차료 | C60: =손익계산서_원본!$D$34/1000000 -> 74.136257 | D60: =손익계산서_원본!$G$34/1000000 -> 29.850264 | E60: =IFERROR(C60/D60-1,"신규") -> 1.4836047 | F60: =C60*1000000/원가구조_기준!$C$7 -> 0.0056391923
B61: 세금과공과 | C61: =손익계산서_원본!$D$33/1000000 -> 62.9715 | D61: =손익계산서_원본!$G$33/1000000 -> 28.336468 | E61: =IFERROR(C61/D61-1,"신규") -> 1.2222777 | F61: =C61*1000000/원가구조_기준!$C$7 -> 0.0047899423
B62: 수도광열비 | C62: =손익계산서_원본!$D$32/1000000 -> 16.446116 | D62: =손익계산서_원본!$G$32/1000000 -> 5.716101 | E62: =IFERROR(C62/D62-1,"신규") -> 1.8771563 | F62: =C62*1000000/원가구조_기준!$C$7 -> 0.0012509778
B63: 판관비 총계 | C63: =원가구조_기준!$C$12/1000000 -> 2979.3225 | D63: =손익계산서_원본!$G$25/1000000 -> 2319.5818 | E63: =C63/D63-1 -> 0.28442228 | F63: =C63*1000000/원가구조_기준!$C$7 -> 0.22662289
B65: 지급수수료 ÷ 판관비 | C65: =원가구조_기준!$C$18/원가구조_기준!$C$12 -> 0.18152456
B66: 승객 1인당 지급수수료 (실적 역산 기준) | C66: =원가구조_기준!$C$18/원가구조_기준!$C$45 -> 3754.1815
B67: └ 실현 단가 대비 | C67: =원가구조_기준!$C$18/원가구조_기준!$C$45/원가구조_기준!$C$44 -> 0.042205526
B68: 판매채널 비용 (지급수수료 + 광고선전비) 당기 | C68: =원가구조_기준!$C$18+손익계산서_원본!$D$43 -> 647793814
B69: └ 매출 대비 | C69: =(원가구조_기준!$C$18+손익계산서_원본!$D$43)/원가구조_기준!$C$7 -> 0.049274593
B70: 판매채널 비용 전기 | C70: =손익계산서_원본!$G$42+손익계산서_원본!$G$43 -> 999527865
B71: └ 매출 대비 | C71: =(손익계산서_원본!$G$42+손익계산서_원본!$G$43)/손익계산서_원본!$G$5 -> 0.17859921
B72: 취항 초기 판매채널 비용 집중 — 신규 항로는 전기 수준을 상정할 필요

Sheet 운임_화물_선박
B1: 운임표 · 화물 적재 케이스 · 선박 제원
B2: 출처 자료를 지면 그대로 옮긴 값 (원자료 하드코딩 + 계산)
B4: 1. 대저페리 공시 운임표 — 포항↔울릉 · 엘도라도 익스프레스호 (4~10월 월~목, 공휴일 제외 · 편도 · 원)
B5: 구분 | C5: 이코노미 정상 | D5: 이코노미 할증 | E5: 비즈니스 정상 | F5: 비즈니스 할증 | G5: 퍼스트 정상 | H5: 퍼스트 할증
B6: 대인 | C6: 81000 | D6: 88950 | E6: 121500 | F6: 133500 | G6: 171500 | H6: 188500
B7: 중고생 · 군인 · 유공자 | C7: 73050 | D7: 80250 | E7: 109500 | F7: 120300 | G7: 154500 | H7: 169800
B8: 경로 · 장애경증 | C8: 65100 | D8: 71500 | E8: 97500 | F8: 107100 | G8: 137500 | H8: 151100
B9: 장애중증 (보호자동반 1인) | C9: 41250 | D9: 45250 | E9: 61500 | F9: 67500 | G9: 86500 | H9: 95000
B10: 소아 (만1세~12세미만) | C10: 40500 | D10: 44500 | E10: 60750 | F10: 66750 | G10: 85750 | H10: 94250
B11: 유아 (만1세미만) | C11: 무임 | D11: 무임 | E11: 무임 | F11: 무임 | G11: 무임 | H11: 무임
B12: 배율 (대인 이코노미 정상 = 1) | C12: =C6/$C$6 -> 1 | D12: =D6/$C$6 -> 1.0981481 | E12: =E6/$C$6 -> 1.5 | F12: =F6/$C$6 -> 1.6481481 | G12: =G6/$C$6 -> 2.117284 | H12: =H6/$C$6 -> 2.3271605
B13: 출처: 대저페리 공식 운임안내 https://www.daezer.com/departure/departure-charge. · 편도·터미널이용료 포함 · 유류할증료·성수기 추가요금·경북도민 할인 별도
B14: 좌석 등급 배율은 공시 운임에서 뽑는다 (비즈니스 121,500÷81,000 = 1.5 · 퍼스트 171,500÷81,000 = 2.1173). 여객수입에 등급·할인이 섞여 있어 단일 운임으로 나눈 승객수는 "환산 유상여객"이다.
B16: 2. 선박 제원 — 참조·대조 선박 목록
B17: 선박 | C17: 운영사 | D17: GT(톤) | E17: 전장(m) | F17: 전폭(m) | G17: 여객정원(명) | H17: 최고속력(노트) | I17: 항로 | J17: 출처 | K17: 비고
B18: 엘도라도 익스프레스호 | C18: 대저페리 | D18: 3158 | E18: 76.7 | F18: 20.6 | G18: 970 | H18: 50.2 | I18: 포항↔울릉 217km | J18: 대저페리 공식 선박정보 · 운항관리규정 | K18: 참조 선박 — 감사보고서가 이 배의 실적
B19: 산타모니카호 | C19: 시월드고속훼리 | D19: 3300 | E19: 72.67 | F19: 21 | G19: 606 | H19: 45 | I19: 부산↔하카타 213km (구상) | J19: 산타모니카 운항관리규정 · index. | K19: 대조 선박 — 하카타 항로 투입 구상
B20: 퀸비틀 | C20: JR큐슈고속선 | D20: 894 | E20: 83.5 | F20: 20.2 | G20: 502 | H20: 36 | I20: 부산↔하카타 213km | J20: index. | K20: 보류 — 원가 자료 미확보 (JR큐슈 자회사, 개별 재무제표 없음)
B21: 코리아프라이드호 | C21: 고려고속훼리 | D21: 1600 | G21: 556 | H21: 40 | I21: 인천 연안부두↔백령도 218km | J21: 경인일보 2022.08 | K21: 보류 — 다수 항로·선박 운용으로 이 배의 손익 분리 불가
B23: 3. 시월드고속훼리 차량 운임표 — 진도↔제주 · 편도 (원) · 2024
B24: 차종 | C24: 예시 차량 | D24: 월~토 일반 | E24: 월~토 인터넷 | F24: 일·공휴일 일반 | G24: 일·공휴일 인터넷 | H24: 케이스 적용
B25: 국산 경·소형차 | C25: 모닝·스파크·캐스퍼·다마스 등 | D25: 111910 | E25: 107660 | F25: 118260 | G25: 114010 | H25: 소형
B26: 라보·타우너 공차 | D26: 111910 | E26: 107660 | F26: 118260 | G26: 114010
B27: 라보·타우너 영차 | D27: 124730 | E27: 120460 | F27: 134020 | G27: 129750
B28: 준중형 | C28: 엑센트·베르나·벨로스터·클릭 등 | D28: 126220 | E28: 121440 | F28: 133480 | G28: 128700
B29: 중형 | C29: 아반떼·I30·SM3·티볼리·아이오닉 등 | D29: 140440 | E29: 135130 | F29: 148600 | G29: 143290 | H29: 중형
B30: 중형(대) | C30: 쏘나타·말리부·SM5·SM6·K5 등 | D30: 154650 | E30: 148810 | F30: 163720 | G30: 157880
B31: 대형 | C31: 그랜저·에쿠스·체어맨·알페온 등 | D31: 168860 | E31: 162490 | F31: 178840 | G31: 172470 | H31: 대형
B32: 대형 SUV | C32: 아이오닉5·싼타페·쏘렌토·투산 등 | D32: 168860 | E32: 162490 | F32: 178840 | G32: 172470 | H32: (대형과 동일)
B33: 대형 RV | C33: 렉스턴·모하비·카니발 등 | D33: 197490 | E33: 190050 | F33: 209280 | G33: 201840 | H33: 대형RV
B34: 초대형 | C34: 렉스턴스포츠 칸·스타리아·봉고3 등 | D34: 225920 | E34: 217420 | F34: 239520 | G34: 231020
B35: 수입 소형 | D35: 151520 | E35: 145470 | F35: 158780 | G35: 152730
B36: 수입 중형 | D36: 183050 | E36: 175790 | F36: 192120 | G36: 184860
B37: 수입 대형/SUV | D37: 210560 | E37: 202100 | F37: 220540 | G37: 212080
B38: 수입 초대형/SUV | D38: 246000 | E38: 236310 | F38: 258700 | G38: 249010
B39: 수입 픽업/밴 | D39: 289570 | E39: 278610 | F39: 306800 | G39: 295840
B40: 1톤 트럭 공차 | D40: 161360 | E40: 161360 | F40: 172240 | G40: 172240 | H40: 1톤공차
B41: 1톤 트럭 영차 | D41: 196430 | E41: 196430 | F41: 211520 | G41: 211520 | H41: 1톤영차
B42: 이륜 100cc 이하 | D42: 22110 | E42: 22110 | F42: 23020 | G42: 23020
B43: 이륜 101~200cc | D43: 33230 | E43: 33230 | F43: 35040 | G43: 35040
B44: 이륜 201~400cc | D44: 41440 | E44: 41440 | F44: 44160 | G44: 44160 | H44: 이륜(~400cc)
B45: 이륜 401~600cc | D45: 69650 | E45: 69650 | F45: 73280 | G45: 73280
B46: 이륜 601~800cc | D46: 92570 | E46: 92570 | F46: 97100 | G46: 97100
B47: 이륜 801cc 이상 | D47: 126971 | E47: 126971 | F47: 131500 | G47: 131500
B48: 캐러밴/트레일러 | C48: 진도-제주 노선 불가 | D48: 불가 | E48: 불가 | F48: 불가 | G48: 불가
B49: 캠퍼트레일러 | C49: 사전 문의 후 예약 | D49: 불가 | E49: 불가 | F49: 불가 | G49: 불가
B50: ★ 케이스 수입 산정에는 "월~토 일반가" 적용. 캐러밴·캠퍼트레일러는 진도-제주 노선 불가 항목이라 운임 미산정, 일반화물은 차량 운임표에 없어 별도 협의 항목(미산정).
B52: 4. 산타모니카호 적재 케이스 (운항관리규정 29p · Loading Conditions) → 항차당 최대 차량 운임 수입
B53: 케이스 | C53: 적재(t) | D53: 구성 | E53: 소형 | F53: 중형 | G53: 대형 | H53: 대형RV | I53: 1톤공차 | J53: 1톤영차 | K53: 이륜(~400cc) | L53: 항차당 수입(원) | M53: 운임 미산정 항목
D54: 적용 운임 (월~토 일반) → | E54: =$D$25 -> 111910 | F54: =$D$29 -> 140440 | G54: =$D$31 -> 168860 | H54: =$D$33 -> 197490 | I54: =$D$40 -> 161360 | J54: =$D$41 -> 196430 | K54: =$D$44 -> 41440
B55: 1 | C55: 130.26 | D55: 대형차 46 · 소형 4 · 이륜차 14 · 일반화물 | E55: 4 | F55: 0 | G55: 46 | H55: 0 | I55: 0 | J55: 0 | K55: 14 | L55: =SUMPRODUCT($E$54:$K$54,E55:K55) -> 8795360 | M55: 일반화물 2단위 — 운임 별도 (미산정)
B56: 2 | C56: 111.563 | D56: 중형차 53 · 소형 4 · 이륜차 14 · 일반화물 | E56: 4 | F56: 53 | G56: 0 | H56: 0 | I56: 0 | J56: 0 | K56: 14 | L56: =SUMPRODUCT($E$54:$K$54,E56:K56) -> 8471120 | M56: 일반화물 2단위 — 운임 별도 (미산정)
B57: 3 | C57: 101.617 | D57: 소형차 79 · 이륜차 14 · 일반화물 | E57: 79 | F57: 0 | G57: 0 | H57: 0 | I57: 0 | J57: 0 | K57: 14 | L57: =SUMPRODUCT($E$54:$K$54,E57:K57) -> 9421050 | M57: 일반화물 2단위 — 운임 별도 (미산정)
B58: 4 | C58: 150.762 | D58: 1톤트럭 38 · 소형 4 · 캐러밴 20 · 일반화물 ★최대 | E58: 4 | F58: 0 | G58: 0 | H58: 0 | I58: 38 | J58: 0 | K58: 0 | L58: =SUMPRODUCT($E$54:$K$54,E58:K58) -> 6579320 | M58: 캐러밴 20대 · 일반화물 2단위 — 운임 별도 (미산정)
B59: 5 | C59: 129.065 | D59: 캠퍼트레일러 10 · 1톤트럭 5 · 대형 3 · 이륜 6 · 화물 | E59: 0 | F59: 0 | G59: 3 | H59: 0 | I59: 0 | J59: 5 | K59: 6 | L59: =SUMPRODUCT($E$54:$K$54,E59:K59) -> 1737370 | M59: 캠퍼트레일러 10대 · 일반화물 — 운임 별도 (미산정)
B60: 차량 중량 역산 검증: Case 2 중형 53대 × 1.607t = 85.171t → 총계 111.563t 일치. 운임표에 요금이 있는 차종만 집계 — 미산정 항목은 대조 손익계산서에서 "+α"(이익 여분)로 본다.

Sheet 출처_한계
B1: 한계 · 자료 출처 · 용어
B2: 이 분석이 말하지 않는 것, 그리고 무엇으로 말하는가
B4: 1. 한계 — 왜 이 표본 하나인가
B5: 구분 | C5: 내용 | D5: 근거
B6: 표본 기간 — 2024년 한 해 | C6: 정상 운항 연간 실적은 제3기(2024) 하나다. 2025년은 울릉군 결손금 지급 지연 → 회생 신청(2025.01) → 개시(02.20) → 인가(2026.06.23) → 종결(09.01)의 비정상 구간이라 쓰지 않았다. | D6: 아시아경제 https://www.asiae.co.kr/article/2025060110584999063 · 아주경제 https://www.ajunews.com/view/20260902140349550
B7: 외형 적자의 구조 — 감가상각 · 이자 | C7: 선가 670억 → 감가상각 3,349백만 → 영업손익 △2,080백만. 이자비용 4,009백만이 얹혀 순손실 6,040백만. 감가상각을 되돌린 EBITDA는 +1,270백만 — 현금 기준 흑자. | D7: 감사보고서
B8: 수리비 — 미반영 | C8: 엘도라도호는 선령이 낮아 보증기간·보험금 청구로 처리돼 수리비가 잡히지 않았다. 산타모니카호는 선령 5년을 넘겨 곧 발생할 것으로 보이나 추정 근거가 없어 0으로 두었다. 실제 수리비가 붙으면 운항원가가 그만큼 올라간다. | D8: 감사보고서
B9: 지표 갱신 — 2026년 이후 | C9: 결손금은 2024년 1~3월분 지급 · 연간 고정지원금 전환으로 정리됐고 회생도 종결됐다. 2026년 이후 실적이 쌓이면 그것을 기준선으로 바꾼다. | D9: 경북일보 https://www.kyongbuk.co.kr/news/articleView.?idxno=4082968
B10: 산타모니카호 — 현 항로 적자 | C10: 현재 제주–추자–진도 항로에서 연 약 15억원의 적자를 내고 있고, 엔젤호로 대체하려는 움직임이 있는 것으로 보인다. 이 파일의 대조 선박은 이 배를 하카타 항로에 투입한다는 가정이지 지금의 운항 실적이 아니다 — 현 항로의 적자는 반영돼 있지 않다. | D10: 뉴시스 https://v.daum.net/v/qptPsmUZCY
B11: 퀸비틀 — 분석 불가 | C11: JR큐슈 자회사라 개별 재무제표가 없다. 2024.02 침수 은폐 → 08 운항 중단 → 12 사업 철수 → 청산 수순. 선박은 2025.04 팬스타 매각. | D11: 쿠키뉴스 https://www.kukinews.com/article/view/kuk202412270007 · 부산일보 https://www.busan.com/view/busan/view.php?code=2025042018220861524
B12: 코리아프라이드 — 분석 불가 | C12: 인천–백령 218km로 거리는 비슷하나, 고려고속훼리가 여러 항로에 다수 선박을 운용해 이 배·이 항로의 손익을 분리할 수 없다. 제원만 확보 — 1,600톤급 · 정원 556명 · 2022.09 취항. | D12: 경인일보 https://www.kyeongin.com/article/1604448
B14: 왜 대저페리인가 — 유일한 표본 | C14: 포항–울릉 217km vs 부산–하카타 213km, 4km 차이. 산타모니카호의 자매선 엘도라도호 1척만 운용하는 단일 항로 선사라 손익계산서가 곧 그 배의 손익이다. 국제항로의 출입국·대리점·항만비, 화물·면세 수입, 선박금융은 다르다 — 절대 금액이 아니라 구조와 민감도를 읽는 자료. | D14: 항로 자료 (index.)
B15: 화면과의 차이 | C15: ① 시뮬레이션 승객수: 화면과 같이 실현단가 88,950원(이코노미 81,000 + 유류할증 7,950)으로 나눈 144,058명을 기본값으로 둔다. 81,000원으로만 나눈 158,197명은 유류할증이 빠진 값이라 쓰지 않는다. ② 대조 선박 "인원수로 직접 입력"은 연간 승객수 한 칸으로 단순화. ③ 선박 추가 기능은 운임_화물_선박 시트 선박 표에 행을 더하는 방식. | D15: 이 파일
B17: 2. 자료 출처
B18: 자료 | C18: 이 파일에서 쓰인 곳 | D18: 원본
B19: 대저페리 제3기(2024) 감사보고서 — 신한회계법인 · 2025.03.31 · 의견거절 | C19: 분석의 뿌리 — 손익계산서 원본 전량, 주석 4 · 7 · 15 · 18 · 19, 재무상태표 부가세예수금, 현금흐름표 | D19: [대저페리]감사보고서(2025.04.09).pdf · DART https://dart.fss.or.kr/
B20: 대저페리 공식 운임안내 — 포항↔울릉 · 엘도라도 익스프레스호 | C20: 이코노미 81,000원 기준 운임과 등급 배율 · 할인 운임 | D20: https://www.daezer.com/departure/departure-charge.
B21: 울릉크루즈 보도자료 — 연간 운항 실적 | C21: 연간 편도 항차수 498항차의 근거 | D21: https://www.ulcruise.co.kr/www/aboutus/press?mode=view&idx=5807
B22: 시월드고속훼리 차량 운임표 (2024) — 진도↔제주 · 편도 | C22: 산타모니카 적재 케이스의 화물 수입 산정 | D22: 운임_화물_선박 시트 수록
B23: 엘도라도 익스프레스호 운항관리규정 | C23: 정원 970명 · 최고 50.2노트 · GT 3,158톤 | D23: 엘도라도 익스프레스호 운항관리규정.pdf
B24: 산타모니카호 운항관리규정 | C24: 정원 606명 · 최고 45노트 · GT 3,300톤 · 적재 케이스(29p) | D24: 산타모니카운항관리규정.pdf
B25: fuel_price.json — Bunker Index 부산항 | C25: 현재 연료 단가 $/MT · 환율 (2026-10-05: LSMGO 1,390$/MT · 1,343.98원/$). 설정값 D46 은 수동 기본값 1,325$/MT 이고, "실제 시가" 모드일 때 이 파일 값을 쓴다. | D25: https://www.bunkerindex.com/prices/port.php?p=109&n=busan-republic-of-korea
B26: 부산–일본 항로 자료 (index.) | C26: 산타모니카호·퀸비틀 제원의 출처 | D26: index.
B29: 3. 용어
B30: 말 | C30: 뜻
B31: 항차 | C31: 편도 한 번의 운항. 왕복하면 2항차다.
B32: 승선율 | C32: 승객수 ÷ (정원 × 항차수). 정원을 몇 % 채웠는가.
B33: 고정비 | C33: 승객·항차와 무관하게 나가는 돈 (인건비 · 감가상각비).
B34: 준변동비 | C34: 항차에 붙는 돈. 배를 더 띄워야 늘고, 같은 배에 사람을 더 태운다고 늘지 않는다 (연료 · 항비).
B35: 변동비 | C35: 승객 한 명에 붙는 돈 (예약·결제 수수료).
B36: 공헌이익률 | C36: 운임에서 변동비를 뺀 몫의 비율. 고정비·준변동비를 메우러 가는 돈.
B37: 손익분기 (BEP) | C37: 영업이익이 0이 되는 승객수. 이보다 적으면 적자.
B38: EBITDA | C38: 영업이익 + 감가상각비. 현금이 나가지 않는 비용을 되돌린 값으로 현금흐름에 가깝다.
B39: DSCR | C39: CFADS ÷ 거치 후 원리금. 1.0 미만이면 그해 빚을 못 갚는다. 거치 중에는 이자만 내 부담이 없어 보이므로 원금이 붙는 해로 잰다.
B40: 환산 유상여객 | C40: 여객수입 ÷ 실현 단가. 등급·할인이 섞여 있어 실제 탑승 인원이 아니다.
B41: 선적율 | C41: 화물 적재 가능량 대비 실제 싣는 비율.
... B45: 톤세 | C45: 조세특례제한법 §104-10 — 외항 해운기업은 순톤수 × 운항일수로 의제이익을 계산해 법인세율을 매긴다. 적자여도 발생한다.

Sheet 검산
B1: 검산 — 보고서 내부 정합성 · 계산 경로 일치
B2: 주석은 천원 공시 → ±1,000원은 반올림 차이로 정상
B4: 검증 항목 | C4: 계산값 | D4: 보고서 기재 / 비교값 | E4: 차이 | F4: 판정 | G4: 출처
B5: 급여 합계 (판관 직원급여 + 운항 급여) | C5: =손익계산서_원본!$D$26+손익계산서_원본!$D$12 -> 3076866650 | D5: =주석_보조자료!$E$6*1000 -> 3076867000 | E5: =C5-D5 -> -350 | F5: =IF(ABS(E5)<=1000,"OK","확인") -> OK | G5: 주석 15
B6: 퇴직급여 합계 (판관 + 운항) | C6: =손익계산서_원본!$D$27+손익계산서_원본!$D$13 -> 300672193 | D6: =주석_보조자료!$E$7*1000 -> 300672000 | E6: =C6-D6 -> 193 | F6: =IF(ABS(E6)<=1000,"OK","확인") -> OK | G6: 주석 15
B7: 복리후생비 합계 (판관 + 운항) | C7: =손익계산서_원본!$D$28+손익계산서_원본!$D$14 -> 414904407 | D7: =주석_보조자료!$E$8*1000 -> 414904000 | E7: =C7-D7 -> 407 | F7: =IF(ABS(E7)<=1000,"OK","확인") -> OK | G7: 주석 15
B8: 전사 인건비 3과목 합계 | C8: =원가구조_기준!$C$21 -> 3792443250 | D8: =주석_보조자료!$E$9*1000 -> 3792443000 | E8: =C8-D8 -> 250 | F8: =IF(ABS(E8)<=1000,"OK","확인") -> OK | G8: 주석 15
B9: 퇴직급여충당부채 당기 전입액 | C9: =손익계산서_원본!$D$27+손익계산서_원본!$D$13 -> 300672193 | D9: =주석_보조자료!$C$19 -> 300671000 | E9: =C9-D9 -> 1193 | F9: =IF(ABS(E9)<=1000,"OK","확인") -> 확인 | G9: 주석 7 — 1,193원 차이는 보고서 자체 (도 ⚠)
B10: 판관비 세부과목 합계 | C10: =손익계산서_원본!$D$25 -> 2979322526 | D10: 2979322526 | E10: =C10-D10 -> 0 | F10: =IF(ABS(E10)<=1000,"OK","확인") -> OK | G10: 손익계산서 Ⅳ 기재
B11: 매출 세부 합계 | C11: =손익계산서_원본!$D$5 -> 13146609166 | D11: 13146609166 | E11: =C11-D11 -> 0 | F11: =IF(ABS(E11)<=1000,"OK","확인") -> OK | G11: 손익계산서 Ⅰ 기재
B12: 운항원가 세부 합계 (주석 15 ×1,000 + 차액) | C12: =SUM(손익계산서_원본!D12:D18) -> 12246808749 | D12: =손익계산서_원본!$D$11 -> 12246808749 | E12: =C12-D12 -> 0 | F12: =IF(ABS(E12)<=1000,"OK","확인") -> OK | G12: 손익계산서 Ⅱ
B13: 운항원가 세부 합계 · 전기 | C13: =SUM(손익계산서_원본!G12:G18) -> 6725627421 | D13: =손익계산서_원본!$G$11 -> 6725627421 | E13: =C13-D13 -> 0 | F13: =IF(ABS(E13)<=1000,"OK","확인") -> OK | G13: 손익계산서 Ⅱ
B14: 운항기타 세목 합계 = 운항기타 | C14: =SUM(손익계산서_원본!D19:D23) -> 7148774749 | D14: =손익계산서_원본!$D$18 -> 7148774749 | E14: =C14-D14 -> 0 | F14: =IF(ABS(E14)<=1,"OK","확인") -> OK | G14: 가정 비율 정규화
B15: 매출총이익 (Ⅰ − Ⅱ) | C15: =손익계산서_원본!$D$24 -> 899800417 | D15: 899800417 | E15: =C15-D15 -> 0 | F15: =IF(ABS(E15)<=1000,"OK","확인") -> OK | G15: 손익계산서 Ⅲ 기재
B16: 영업손익 (Ⅲ − Ⅳ) | C16: =손익계산서_원본!$D$45 -> -2079522109 | D16: -2079522109 | E16: =C16-D16 -> 0 | F16: =IF(ABS(E16)<=1000,"OK","확인") -> OK | G16: 손익계산서 Ⅴ 기재
B17: 영업외수익 | C17: =손익계산서_원본!$D$48 -> 81389927 | D17: 81389927 | E17: =C17-D17 -> 0 | F17: =IF(ABS(E17)<=1000,"OK","확인") -> OK | G17: 손익계산서 Ⅵ 기재
B18: 영업외비용 | C18: =손익계산서_원본!$D$53 -> 4042055930 | D18: 4042055930 | E18: =C18-D18 -> 0 | F18: =IF(ABS(E18)<=1000,"OK","확인") -> OK | G18: 손익계산서 Ⅶ 기재
B19: 법인세비용차감전순손실 | C19: =손익계산서_원본!$D$58 -> -6040188112 | D19: -6040188112 | E19: =C19-D19 -> 0 | F19: =IF(ABS(E19)<=1000,"OK","확인") -> OK | G19: 손익계산서 Ⅷ 기재 (순손실)
B20: 당기순손실 | C20: =손익계산서_원본!$D$60 -> -6040188112 | D20: -6040188112 | E20: =C20-D20 -> 0 | F20: =IF(ABS(E20)<=1000,"OK","확인") -> OK | G20: 손익계산서 Ⅹ 기재 (순손실)
B21: 전기 영업손익 | C21: =손익계산서_원본!$G$45 -> -3448723814 | D21: -3448723814 | E21: =C21-D21 -> 0 | F21: =IF(ABS(E21)<=1000,"OK","확인") -> OK | G21: 제2기 (감사받지 아니함)
B22: 전기 당기순손실 | C22: =손익계산서_원본!$G$60 -> -5776402130 | D22: -5776402130 | E22: =C22-D22 -> 0 | F22: =IF(ABS(E22)<=1000,"OK","확인") -> OK | G22: 제2기
B23: EBITDA (Ⅴ + 감가상각비) | C23: =손익계산서_원본!$D$45+손익계산서_원본!$D$15 -> 1269709891 | D23: =손익계산서_원본!$D$47 -> 1269709891 | E23: =C23-D23 -> 0 | F23: =IF(ABS(E23)<=1,"OK","확인") -> OK | G23: 보완 행
B24: 조정 소계 (순손익 + 이자 + 법인세 + 감가상각비) | C24: =손익계산서_원본!$D$60+손익계산서_원본!$D$54+N(손익계산서_원본!$D$59)+손익계산서_원본!$D$15 -> 1317899124 | D24: =손익계산서_원본!$D$65 -> 1317899124 | E24: =C24-D24 -> 0 | F24: =IF(ABS(E24)<=1,"OK","확인") -> OK | G24: 보완 행
B25: 조정 후 EBITDA = Ⅴ 기준 EBITDA | C25: =손익계산서_원본!$D$68 -> 1269709891 | D25: =손익계산서_원본!$D$47 -> 1269709891 | E25: =C25-D25 -> 0 | F25: =IF(ABS(E25)<=1,"OK","확인") -> OK | G25: 두 경로 일치
B26: 대조: 손익계산서 영업이익 = CVP 모형 영업이익 (현재 승객수) | C26: =대조선박_손익!$C$87 -> 5.2085192e+09 | D26: =목표이익률_지표!$C$77 -> 5.2085192e+09 | E26: =C26-D26 -> 0 | F26: =IF(ABS(E26)<=1,"OK","확인") -> OK | G26: 모든 원가 포함 · 기본 성격일 때 일치
B27: 대조: 10개년 y+0 영업이익 = 단일연도 영업이익 − 선체이자 | C27: ='10개년_예상'!$D$48*1000000 -> 3.8085192e+09 | D27: =대조선박_손익!$C$87-대조선박_손익!$C$90 -> 4.5085192e+09 | E27: =C27-D27 -> -7e+08 | F27: =IF(ABS(E27)<=1,"OK","확인") -> 확인 | G27: 선체이자 운항원가 반영
B28: 대조: 10개년 y+0 매출 = 단일연도 매출 | C28: ='10개년_예상'!$D$7*1000000 -> 23000277600 | D28: =대조선박_손익!$C$48 -> 23000277600 | E28: =C28-D28 -> 0 | F28: =IF(ABS(E28)<=1,"OK","확인") -> OK
B29: 대조: 운항기타 = 세목 합계 | C29: =대조선박_손익!$C$59 -> 1.2921944e+10 | D29: =SUM(대조선박_손익!C60:C64) -> 1.2921944e+10 | E29: =C29-D29 -> 0 | F29: =IF(ABS(E29)<=1,"OK","확인") -> OK
B30: 차입금 스케줄 원금 합계 = 차입금 | C30: =SUM(차입금_상환!F20:F34) -> 20000000000 | D30: =차입금_상환!$C$6 -> 20000000000 | E30: =C30-D30 -> 0 | F30: =IF(ABS(E30)<=1,"OK","확인") -> OK | G30: 상환기간 ≤ 40년
B32: 전체 판정 | F32: =COUNTIF(F5:F30,"OK")&" / 26 OK" -> 24 / 26 OK
B33: "대조: 손익계산서 = CVP 모형" 은 원가 항목을 X로 빼거나 성격을 바꾸면 달라질 수 있다 (도 같은 규칙).
